,A,B,C,D
2000-01-01,-0.5433908194125474,-0.7093644944167714,-0.15565861772628148,-0.6579256456021862
2000-01-02,-2.3149781131205067,-1.82220647482252,-0.8070610054930178,-0.7844603449152199
2000-01-03,-4.001682329724032,-1.717681802893034,-1.4436192787048934,-0.26002880307844434
2000-01-04,-5.380479279871997,-1.6233727741432544,-0.7926189511785993,-1.1766978860477133
2000-01-05,-7.00382865083606,-1.5574667094739603,0.17108710040156583,-1.083571968331756
2000-01-06,-5.024693708192038,-1.427708865639909,0.5631538936129534,-2.0042178060034153
2000-01-07,-5.316059661236198,-2.0235671655922305,-0.05156890456172625,-2.3388209228132153
2000-01-08,-3.1084951302841275,-2.827666051490742,0.4393984090667834,-2.752622520467367
2000-01-09,-2.6115594004935216,-3.3798636169736858,-0.5640334178573491,-3.2393085475683683
2000-01-10,-2.968841996885008,-3.9208997303659245,0.606434211593392,-3.0140179099503395
2000-01-11,-4.058858489956296,-2.9921982059095598,0.08601969718348956,-4.049383356075628
2000-01-12,-3.736198244875031,-2.6387134124597154,-0.4867747325247791,-3.402944843643426
2000-01-13,-2.9906143665060143,-3.2731467407023973,-1.7380123613380378,-3.438649917134116
2000-01-14,-4.147555810810888,-3.159320134477824,-2.422480533402526,-2.8071987838399783
2000-01-15,-5.383704963890983,-3.3001019293558853,-2.534022563137214,-1.8165005373676
2000-01-16,-5.15530667531587,-4.228262028702638,-2.427895840065808,-0.8967181020932173
2000-01-17,-5.05814463445056,-3.775624877080937,-2.2236408719693057,-0.7436731362515172
2000-01-18,-4.818200802820952,-4.49347220460673,-2.5785941023948125,-0.043692141988281974
2000-01-19,-5.323946149236467,-4.842480111008292,-3.6501054441509213,0.42511486243676977
2000-01-20,-4.351844942804833,-3.8361943109262757,-3.7453817234999263,1.1527580999768101
2000-01-21,-3.0387921167451766,-4.18941365360045,-3.752532233476955,2.307542970143289
2000-01-22,-4.899237093521613,-4.396146881547213,-2.8172556316091377,0.909445521534801
2000-01-23,-4.252099971632689,-4.64591553193541,-1.3021219369821673,0.021189787186717934
2000-01-24,-3.37780324257474,-4.854351376238949,-0.9125871805584235,0.5775887692303076
2000-01-25,-3.5927533955516466,-4.303422811789269,-1.867825342415777,0.801892061347028
2000-01-26,-5.001542559637631,-6.016256248865488,-1.6616814420730324,1.774111456559627
2000-01-27,-5.280107281742614,-6.549368975822334,-1.4775556851325737,0.15025548505504438
2000-01-28,-5.781379767159135,-6.428687293233627,-2.207390587672547,-0.0211722844751476
2000-01-29,-4.538545821917416,-5.721380248094631,-1.6431815749147356,0.08619690514230606
2000-01-30,-3.849691221640117,-4.8408020079348475,-1.9719554720659784,0.8617087326607227
2000-01-31,-3.9084577959697673,-4.508860618866218,-2.4676505244401734,2.5356627221944796
2000-02-01,-3.358156351095557,-5.256417131660143,-3.474030337310091,5.305473025445475
2000-02-02,-4.29179669285275,-5.785027608398828,-2.5766514671345924,4.645436521999938
2000-02-03,-4.186815134105757,-6.306855226548306,-2.450970708893359,3.6066762045167238
2000-02-04,-5.073485661900351,-4.764931151868379,-4.496243906019845,3.1382106698697
2000-02-05,-6.4558627123118475,-4.56296611884837,-5.198755610964742,3.759732578807074
2000-02-06,-7.352051509432918,-5.188084391687298,-6.186632969539252,3.4867716286016393
2000-02-07,-7.9749776559551995,-4.704601137298135,-6.4895111040974,2.392974883304079
2000-02-08,-6.606521488063337,-4.13502106435198,-6.70674541633224,2.2749204231417104
2000-02-09,-6.9647346004982325,-4.363734101939015,-7.942144325462108,1.6029874367838528
2000-02-10,-7.501405807848766,-4.0664874085763465,-7.930154692600934,1.135066019333375
2000-02-11,-8.87584011336819,-4.314506077804943,-7.989999130258499,2.9174477358610527
2000-02-12,-7.992333142012253,-5.485212614504078,-8.146435821511139,3.4396137030455387
2000-02-13,-7.643340480121062,-5.1298871378113775,-8.24339949376347,2.9115054714781987
2000-02-14,-6.488104907642262,-4.408423238305254,-7.497251930662158,3.77981810757659
2000-02-15,-6.675630328293739,-3.8895763802551357,-8.752771214118274,3.7817320318786676
2000-02-16,-5.152484570079334,-4.3253149953407535,-7.973275704587904,2.367758239153667
2000-02-17,-5.401539855244984,-2.917140202147917,-8.701600617105731,2.132804602675832
2000-02-18,-4.411352339107985,-2.7007724757797065,-7.227356396997415,3.3069865734512427
2000-02-19,-5.168516699229361,-3.2873380836156216,-8.662560933575655,3.0426374523100823
2000-02-20,-5.387112005515894,-5.1810303933111435,-7.788669390033024,1.191462300336402
2000-02-21,-4.8259449205044085,-5.989936268766047,-7.937837459219606,1.3181446900085105
2000-02-22,-4.668539614713203,-5.930170586771282,-7.583562580779024,2.1147254278054115
2000-02-23,-4.788882995131577,-8.00451018231925,-7.006671717479017,2.0044142773803024
2000-02-24,-6.606276587623737,-6.081439642271686,-6.834054667265615,1.8999462145980774
2000-02-25,-5.679388246421975,-3.826240777177809,-7.121589307643333,2.2458142307152635
2000-02-26,-7.599077427951078,-2.373910262404371,-6.350703792730773,-0.49118948330604795
2000-02-27,-7.305319864856392,-3.4798297763602464,-6.573894020787702,-2.4306465461237865
2000-02-28,-7.731873488423845,-3.471297908613785,-5.31405068533577,-2.501638305114679
2000-02-29,-7.561963694053712,-2.7354209753162713,-4.567962939981623,-2.3997729040963427
2000-03-01,-7.713348836187649,-3.015920445210391,-5.0140019683206205,-1.8977131631835498
2000-03-02,-8.680354914653256,-2.441593286608386,-4.6554260687431785,-1.47056198282656
2000-03-03,-8.784522703787196,-2.418065469955723,-4.232847146532783,0.49010771182378376
2000-03-04,-9.48339073721784,-2.1332317298230343,-5.869977641773134,0.7556009687106722
2000-03-05,-8.927762810896711,-3.953546792112492,-6.2303512216764165,-0.2995860254738498
2000-03-06,-10.340393801617772,-4.607603715946251,-8.012215241652845,0.7845883307931321
2000-03-07,-9.943728060750727,-4.361126977532479,-8.425912203893317,-1.079334989659713
2000-03-08,-9.369614481199918,-5.758920906118222,-9.3791717816659,-0.2330075729752784
2000-03-09,-8.857959054745605,-5.695989352516105,-8.159296504112572,-0.545176165828898
2000-03-10,-8.167740503263536,-5.389773084869828,-8.017694786346276,-0.9013435023936527
2000-03-11,-8.86814348346641,-4.001286070899532,-7.8302463432725755,-2.3685330977152694
2000-03-12,-9.706066234951967,-4.407815241875401,-7.960268906609921,-2.608677915561699
2000-03-13,-7.666730615708504,-4.953723151426162,-8.532270145432737,-2.3301043808439803
2000-03-14,-8.446583186506233,-5.6461711774016825,-7.335216151018907,-1.361197106816811
2000-03-15,-9.409377741875444,-5.499804760392163,-8.099770573529668,-1.050812669322855
2000-03-16,-9.265829694497093,-4.794799423539633,-7.751907313659146,-1.4955149039540137
2000-03-17,-9.072989676265296,-6.258868825496973,-6.835965366721802,-0.7299555876654628
2000-03-18,-8.457508529501885,-4.807524040833358,-7.005095970079359,-2.3118269846479675
2000-03-19,-8.626402380718687,-5.105412232150598,-7.1305305197458875,-0.567377661826655
2000-03-20,-6.720006805468249,-5.469144136390967,-6.603989330240786,-1.270607268889972
2000-03-21,-5.942259191467341,-5.238486171141809,-6.038772140977375,-1.3395929448096413
2000-03-22,-6.8807741270840905,-5.768768452390956,-5.771316712355197,-1.087173670906509
2000-03-23,-9.295460970218604,-5.449626454098429,-3.405428005029023,-0.31830780698439454
2000-03-24,-9.596153959080429,-6.0272361008564515,-4.396460696653191,0.2526178788843598
2000-03-25,-10.384808010448843,-5.920820502041779,-3.8635250560851953,-0.6613986050097729
2000-03-26,-8.728035623987413,-5.995615870615949,-3.7171862418884527,-0.10783622679676175
2000-03-27,-8.4674303484233,-4.831100864817541,-5.510370347862656,-0.317751313662824
2000-03-28,-10.101867362639185,-5.0799747965296005,-3.995170071356566,-1.1540020094395633
2000-03-29,-9.059208072625765,-4.199522759299121,-2.54215460946328,-0.8022993662886633
2000-03-30,-9.0102451439592,-2.966609035020902,-2.5985759394296517,-1.4561307113350397
2000-03-31,-8.417178014053825,-2.856472179690225,-2.4159224097144514,-2.182222798259699
2000-04-01,-8.885337418461141,-0.8787523941739648,-0.4990623503858225,-3.9646592364240814
2000-04-02,-7.4121366795759664,0.30382196563507935,-0.18692461897260165,-2.726629225480437
2000-04-03,-6.270959119182348,0.5945093767299917,0.2105632964524647,-1.2097597094370653
2000-04-04,-5.843152244070786,-1.1979154308864262,0.921480280276491,-1.0501552251994104
2000-04-05,-5.385980221581881,-0.7053985108756176,1.0274375569545158,-2.6045149528926324
2000-04-06,-4.570482923387004,-0.5242507773242842,0.8891921308293941,-2.6615802107385527
2000-04-07,-4.24886095310948,-1.926699875758761,0.7421368188561462,-2.7642927057501003
2000-04-08,-3.8239206889742925,-2.024551637188456,0.42649486530674025,-1.5258676763768217
2000-04-09,-3.163810822908858,-2.8026304345595596,-0.46938589690939053,-1.3337231724303293
2000-04-10,-2.4258237572501313,-3.0479544988102067,0.16597788593453128,-2.2295432724068127
2000-04-11,-1.439126464112627,-1.5793878230036966,-0.18156323701514365,-2.880675864044518
2000-04-12,-1.8193491025389716,-1.4785386058609868,-0.5470596081505161,-2.4161650785730417
2000-04-13,-1.327085524040646,-3.05972151154178,-0.2925735125396751,-0.9634741359994707
2000-04-14,-1.1852352689556616,-3.6025547401921956,0.8796470652109383,-1.0895579045330772
2000-04-15,-0.22398864467708202,-3.388579888343441,0.23815406974567932,-2.7863528325736917
2000-04-16,-0.2964661326261729,-4.9776688752378675,-0.7044838833302102,-1.8983876050989807
2000-04-17,-0.3614769601244281,-5.07043063747197,-0.9670258987482645,-1.6474033016162644
2000-04-18,-1.8064555408033847,-6.487541281476916,-1.802228281606788,-0.6106890709553974
2000-04-19,-2.0500146813138915,-6.251815003636587,-1.7856661146705939,-0.052552164708123295
2000-04-20,-2.145199441660168,-5.865140270922674,-0.9236861868025099,0.23407491199946184
2000-04-21,-4.203315785037808,-6.938037880112125,-1.8443425988795439,0.2552454584124561
2000-04-22,-5.464105285259773,-8.00299637091927,-1.0981337021174853,2.113025346913725
2000-04-23,-5.639131719730173,-7.647159603889144,-1.1908837425114374,0.9150039175419593
2000-04-24,-7.060750107174663,-8.308708191180006,-0.5494672689931445,0.4496186394304171
2000-04-25,-6.51340987361338,-6.631816311293132,-1.0449464236903006,-0.08554812031221976
2000-04-26,-7.594495561341588,-8.346952145112372,-1.7565727580028057,0.3373513787834391
2000-04-27,-6.935570056882664,-7.7991769559841515,-0.8185128456897782,0.11184684270296741
2000-04-28,-5.2635794426360025,-8.06130479128587,-1.4368723224680682,1.9033651531232354
2000-04-29,-5.682803390263158,-8.358611125099511,-1.509707199443404,2.125711650136368
2000-04-30,-7.063215511285405,-9.135658992469317,-0.7421125818959776,2.7088846665096775
2000-05-01,-7.119562288285689,-8.266991276207733,-1.388014947264024,1.6936776324036926
2000-05-02,-6.459150717314999,-8.229713258961514,-0.0806097734367337,1.6566473281343348
2000-05-03,-7.239399646051414,-10.48658115227489,0.9744418377289994,0.6374984443304366
2000-05-04,-8.077223468633967,-13.257933187606447,-0.12859775079228397,-0.8088886837807199
2000-05-05,-9.05665096486783,-15.15826009020037,2.905357633078022,-0.993451048186845
2000-05-06,-9.699374594244954,-15.509746009507877,3.052287058379193,-1.560682591297907
2000-05-07,-9.197141269135479,-15.489744562674284,2.0375075723714327,-2.06031760683351
2000-05-08,-11.116884647380648,-14.743389980653735,3.2317425467953984,-2.1122434297257855
2000-05-09,-9.92192834194007,-16.12202190851612,4.020648411496478,-1.6677031067470292
2000-05-10,-11.526403805959704,-16.579089477840732,4.198243772134718,-1.336992533035588
2000-05-11,-11.162602627037717,-17.9119357912369,2.376075875838148,-3.5363865311728144
2000-05-12,-11.886384252955477,-18.42386231912912,0.9472953950420979,-3.691646101099555
2000-05-13,-10.993871111492988,-18.56149952873035,1.356204173971327,-3.9736042163726952
2000-05-14,-9.840917660713957,-18.06843768578932,1.9423528038716387,-5.433098384025777
2000-05-15,-8.05434122171417,-16.365243157676648,3.494973580750517,-4.160704390189791
2000-05-16,-8.511849817016335,-16.70847306145535,2.4509392965189143,-4.446121680230425
2000-05-17,-9.644885267078907,-17.33910693328832,3.2061949304310544,-4.457890290627999
2000-05-18,-8.579301471798424,-16.12938129338353,2.1342831190319522,-3.8721240564063497
2000-05-19,-8.229304265307782,-17.019027416586827,2.4067462667191584,-4.375065208305279
2000-05-20,-8.625118463379955,-17.141233414722947,2.4831909556912413,-4.730193644214609
2000-05-21,-7.877098659872146,-17.65626237503654,1.1045480136699317,-4.837786846597963
2000-05-22,-7.296426394272251,-17.19371859260936,-1.400147830145952,-3.7780648270376975
2000-05-23,-7.506352560959203,-17.307996399521002,-1.402401125999139,-3.301335723303825
2000-05-24,-8.240190002246067,-17.661411698634478,-1.6482993054542137,-3.6051493665539542
2000-05-25,-7.529808263499701,-17.181376906800935,-0.5934773674062361,-4.555654831886615
2000-05-26,-7.0370293675894375,-18.437352116589544,-0.5733658123975374,-3.4723049429520514
2000-05-27,-8.532364225263319,-17.88054067564621,-0.28295108720890266,-4.542305232644246
2000-05-28,-9.805639186890064,-18.082346350936156,0.8174696752346036,-2.811666227602059
2000-05-29,-8.089345716196119,-18.246609123395835,1.5270628369032682,-2.745904379349382
2000-05-30,-7.921635287134358,-18.139115224684645,1.1850174015767085,-1.5838719958629577
2000-05-31,-7.462013375897846,-19.33175838070793,1.726794570238594,-1.6249458113417898
2000-06-01,-7.343195976293146,-17.60441022468909,2.2304553018211006,-3.2997350151825495
2000-06-02,-7.855750275685946,-15.494988045867604,2.5759406165417533,-4.224592298930357
2000-06-03,-5.668199376254279,-15.037925671073683,0.547696485709054,-5.40392846749648
2000-06-04,-6.374351682848377,-15.109785506023497,-0.7384504374251639,-4.393874190106541
2000-06-05,-6.025608163577451,-15.816471896285702,-2.345193921326122,-4.07581107325023
2000-06-06,-5.339469247371284,-13.779903229818132,-2.9935821183201305,-4.859747513650546
2000-06-07,-6.739944037781949,-14.918919128154563,-4.3843089883181054,-5.5794075300263275
2000-06-08,-8.703947033857663,-14.731974827954737,-5.1996180766124525,-5.477363868582637
2000-06-09,-7.488178519039556,-15.604064755328002,-4.842764086766417,-4.161789945104161
2000-06-10,-7.757115775625423,-15.883551696567723,-4.203739689516769,-4.315516942814112
2000-06-11,-7.226827595697448,-16.926344143415626,-2.2446641154946394,-4.431834827744726
2000-06-12,-7.07276316591223,-15.75842690021652,-2.786484108285526,-4.023612979220481
2000-06-13,-7.00372248640922,-16.239672456694056,-1.9840916877653834,-2.8518193341122275
2000-06-14,-6.235195546704871,-15.947170187207977,-2.101837350739058,-4.9204698951719035
2000-06-15,-6.8024920552491555,-16.0290586289611,-1.1635393035816617,-4.60658849531946
2000-06-16,-4.229868477526034,-14.310451759113644,-0.9099572881830049,-5.263546134528221
2000-06-17,-4.767520972462316,-15.108779186536418,-1.4470670429372232,-4.911651292347501
2000-06-18,-4.803905164278649,-14.55910627296715,-1.2632732680803624,-5.746251132524665
2000-06-19,-4.906734841588555,-14.582928302714626,0.2743819040786126,-6.661830672758505
2000-06-20,-6.610953020624248,-15.189998785902581,2.4914120471806926,-7.23011918010506
2000-06-21,-6.220898594295646,-16.762271739792645,3.692832741306365,-8.171591747285365
2000-06-22,-6.179804757890828,-17.163599510257807,2.5444637989654253,-6.859346420662363
2000-06-23,-5.332018979299249,-15.48611950613323,1.5399665473244164,-7.8003283097131995
2000-06-24,-5.534739196592111,-14.799795943366846,0.3233136669561334,-7.3788359186983525
2000-06-25,-6.13774603477354,-16.438821183193664,-0.45842317966307633,-7.7543401065875255
2000-06-26,-7.532537087745185,-17.32118607658598,-1.769307578339288,-8.701592956692178
2000-06-27,-8.587479280656947,-16.590633098578877,-1.2835127066789274,-8.102300614834327
2000-06-28,-7.620769945253058,-16.997477003005006,-0.6138126048619199,-8.588131860440694
2000-06-29,-7.543703949662923,-16.309100376490065,-1.6962757488148195,-8.366771496600084
2000-06-30,-9.60103029106966,-17.550723648259623,-0.7943839185074858,-9.29827386587528
2000-07-01,-10.554365108872195,-17.61270477088837,1.0504004946668228,-10.658016209828459
2000-07-02,-10.925231606316972,-17.612165250213117,2.9004708291398376,-11.130169937261234
2000-07-03,-10.928878076892527,-18.303075554783057,3.7148251149873364,-9.899914059761675
2000-07-04,-10.58653276755363,-17.99182555368507,4.307961526549045,-10.220625997973347
2000-07-05,-11.345820567071883,-18.93493758262029,5.406040603886626,-9.200900880234409
2000-07-06,-10.906869654719443,-20.454849129825046,4.7350876879376385,-8.96023157161171
2000-07-07,-11.951635267836677,-19.571695309042095,4.880384309461993,-9.09159944831577
2000-07-08,-13.863209074985683,-20.804690550927244,6.26111525923095,-10.884946185596103
2000-07-09,-13.796143325932565,-19.347230517990127,4.431048862732293,-10.125095322083931
2000-07-10,-14.588517710072361,-20.118419292140693,3.3312770725799608,-10.280758807194932
2000-07-11,-13.808134069775486,-18.79213706396166,4.076259038168969,-7.522224176471251
2000-07-12,-13.54781207290282,-20.522731940004103,4.856382735054241,-7.068020462300788
2000-07-13,-14.11009921510351,-20.3333523215614,3.853466157955933,-8.245138347401289
2000-07-14,-15.249267518299437,-21.710070162345062,2.8143666844480997,-9.089326403498697
2000-07-15,-16.63361626423718,-22.523341397575596,1.7007979917836016,-11.073031084061327
2000-07-16,-17.203429218344244,-21.631426906559966,0.9796286426744745,-11.055880627608941
2000-07-17,-16.19893340121819,-20.985992595735766,0.192581071261807,-9.27621220855594
2000-07-18,-17.26740455880083,-20.749194504099364,0.7273098240546877,-10.60012600154454
2000-07-19,-17.52921386028375,-21.610791753331444,0.37928911583394864,-13.308725911191065
2000-07-20,-18.250234054942446,-21.2283791765921,0.5859860322531748,-13.582929741039536
2000-07-21,-16.356272752983145,-22.250259699921383,-0.29229728075166395,-11.917026945626285
2000-07-22,-15.501642520054128,-21.875707744175802,0.5174146803272099,-10.484747202675788
2000-07-23,-17.89763009863469,-20.986571561745222,1.842162325888848,-9.425875465443061
2000-07-24,-17.321935290604912,-20.00270544646482,1.6255476382274114,-7.833411042392266
2000-07-25,-16.059720969283468,-20.281916835824905,1.7660335966919058,-6.7859946405456775
2000-07-26,-16.639431529749555,-21.02739838421258,1.5335517017309708,-5.352487378294379
2000-07-27,-15.334596129185716,-22.189254048559054,1.4677194563255438,-6.061418480479897
2000-07-28,-15.850233001844462,-20.854921545087535,3.56890241694418,-6.68217662714167
2000-07-29,-16.06661592362722,-19.78972764353091,4.635154777361656,-6.35259384753934
2000-07-30,-16.680447698690557,-21.353761511143777,5.110174069407563,-7.194272715425309
2000-07-31,-17.89192329755966,-20.923819340437586,5.4080936867226805,-8.338711370618814
2000-08-01,-17.845799078834702,-20.182137831065027,4.0933712097167625,-10.04114470531438
2000-08-02,-17.42340955215125,-19.532642235179853,5.212823076388607,-11.46323022018739
2000-08-03,-16.703257235700306,-21.477192098272354,5.625657005624601,-11.2020664682862
2000-08-04,-18.00292394543871,-21.517056570884527,5.514744915910762,-12.312050974564224
2000-08-05,-18.49437608664949,-22.213575741447197,4.988376398714162,-12.273359858514384
2000-08-06,-19.605378983282293,-20.806142461561002,3.745943293765235,-11.728936649378122
2000-08-07,-20.07412169660641,-18.65981564199382,4.3098342104454765,-12.897817978213517
2000-08-08,-20.462558753491034,-19.673699803935072,4.3737160626323455,-12.952078435493133
2000-08-09,-19.765402769914676,-19.874637382802373,3.3399867255559403,-12.148335510844637
2000-08-10,-18.582994773531812,-19.49663814791807,4.789138214979749,-11.097026286879087
2000-08-11,-17.994811681247235,-20.272687390416127,4.7978893894259595,-11.11165258965
2000-08-12,-18.033020343986575,-20.50036262849921,5.406512041014693,-11.620319642300917
2000-08-13,-18.297823541956866,-18.74910244383022,5.9815615550794865,-11.950083902660664
2000-08-14,-18.61924319176294,-20.816533849864502,6.983783752939438,-13.079105027881319
2000-08-15,-19.142272270884625,-20.992836664120738,5.445932236421657,-13.671656619860084
2000-08-16,-18.643509328524,-22.578398273739708,5.101179478225695,-12.824704878895055
2000-08-17,-18.47971588735502,-22.626854321823256,5.952610225675068,-13.666886957486872
2000-08-18,-19.163747843843225,-23.698871718950585,6.301661848373512,-11.577443771462926
2000-08-19,-19.862329788798085,-25.659579203919872,4.8068308724794795,-11.686714378367837
2000-08-20,-20.374264765629807,-26.687538752845086,5.191217294168641,-8.390658462015516
2000-08-21,-21.314982314403473,-27.11234540247242,3.8422692370560263,-8.773475908623112
2000-08-22,-22.240304023032287,-28.980825120639103,3.0985745284501203,-8.824605853450352
2000-08-23,-21.576659699825253,-29.36783570220692,2.2216621332965203,-8.538317456536562
2000-08-24,-22.11799517266105,-29.140498633568928,2.9306158317383804,-5.521026321815635
2000-08-25,-22.902394522630587,-29.68509842724282,2.880964073677761,-5.293439150856759
2000-08-26,-23.045762379685435,-29.72873802996648,1.6414417905256096,-5.684542179213743
2000-08-27,-23.01606258826945,-28.196039072470164,1.5486303846631204,-4.202474738601772
2000-08-28,-22.39678208289011,-27.71463482142416,3.271292979322794,-4.478091098080511
2000-08-29,-23.789768763954303,-27.102671339736695,2.887918580270316,-5.248739221020667
2000-08-30,-22.933129359823877,-27.74710264759211,1.3199241996327526,-6.222216603716649
2000-08-31,-24.19729770477807,-26.39917608970975,1.7258254791322813,-6.8642113489382615
2000-09-01,-25.366200550844177,-26.49513030579394,1.7537143749917135,-6.941842270285106
2000-09-02,-25.40403316276118,-27.53347137707499,0.8825331301874645,-6.837535530263114
2000-09-03,-25.118884788769535,-28.118960424692517,1.4415793377414512,-6.840916069092129
2000-09-04,-25.903643858560955,-27.708146984859596,0.23298514582385144,-7.229346724788561
2000-09-05,-23.73666444077989,-27.775523141036224,-0.1072101173900128,-7.9751633692223125
2000-09-06,-24.89538533937976,-27.31396087203726,1.3153711901159997,-8.378164452632308
2000-09-07,-25.779865621766827,-28.2204777254859,-0.26512107688487885,-7.138547093621147
2000-09-08,-26.145622955614428,-28.423177915185278,-0.02519073248692702,-6.468204668021871
2000-09-09,-25.53058223582095,-27.54097278616241,-0.9563544026798306,-4.919534276387138
2000-09-10,-26.176719162465425,-26.841206509058367,0.05715360932502367,-7.547035253607184
2000-09-11,-26.52522400372898,-28.763438632626986,1.0093599500906363,-6.006633670077353
2000-09-12,-26.556623813611903,-28.766643544863626,1.4692401958261472,-5.967109279262188
2000-09-13,-28.05652950702964,-30.804182521001735,-0.49584821316620786,-5.361475235002996
2000-09-14,-26.221682509767817,-30.404540561447806,-0.18392587354142537,-4.581540257092248
2000-09-15,-27.182828780199596,-31.323184673648306,-0.5389623716212291,-5.233514739216128
2000-09-16,-25.855385372679265,-30.694069400633648,-0.42445647107825174,-5.9426142045046255
2000-09-17,-26.166428276072487,-30.58739114458972,0.9721612814164398,-6.787609991048396
2000-09-18,-25.491185621429636,-31.875667515909452,-0.017284171849983876,-7.44814782072206
2000-09-19,-25.978549947594814,-29.869478527571335,-0.5688555583604518,-8.09571930323701
2000-09-20,-26.89619459999225,-28.87687176986846,-1.2389446486316456,-8.505441716701544
2000-09-21,-27.79300174644242,-28.49937665574112,-2.12188360858985,-10.369200545849134
2000-09-22,-28.937239501191822,-27.444573194812847,-1.2911848569807485,-11.348557899859408
2000-09-23,-28.645894024682068,-27.083260822903128,-1.2912564588438469,-10.820041656295281
2000-09-24,-30.175152987551407,-27.57356038675559,-1.2999799270305015,-11.626740026839569
2000-09-25,-30.410693559274698,-25.906272068557218,-0.9796491523039028,-11.85658097000611
2000-09-26,-30.801930383076282,-28.040915406555605,-1.6172307053942636,-11.698434892518822
2000-09-27,-31.313984952161412,-28.605786996116,-0.2569533337076537,-11.133993424219621
2000-09-28,-32.48958805543993,-29.70893519286092,-0.1945116471650768,-10.868573348499432
2000-09-29,-32.531915401867145,-29.526254587458926,-0.6479626326557412,-11.150115132104816
2000-09-30,-31.560154742021403,-30.805397220243083,0.7566783750292551,-13.483220238417335
2000-10-01,-30.329212402387785,-30.270151733425827,0.28306474275728816,-13.94363806032893
2000-10-02,-29.845502811165147,-30.214811247882018,-1.962424467360099,-12.93743728954239
2000-10-03,-29.554605751019018,-29.099218872832257,-2.611896403166126,-11.21401817283134
2000-10-04,-29.04151771768135,-29.843352474562867,-2.6948802879708778,-11.475999181390268
2000-10-05,-29.79618797736465,-30.689766514521367,-2.188837273496442,-10.984703133951818
2000-10-06,-30.239176784009494,-30.81359127785079,-1.3897376999166662,-9.843771950489081
2000-10-07,-29.984253082927964,-32.44387242878649,-0.09959293256224688,-11.942724561314291
2000-10-08,-30.256122110202064,-32.24041572076235,1.5700050001596935,-12.700791401838586
2000-10-09,-29.412825143041697,-32.57831740117116,1.6990925466510545,-14.213355510175775
2000-10-10,-28.863354003040033,-33.20553858753606,0.5561079014687893,-14.573576297609405
2000-10-11,-28.987705708533507,-33.500253289710166,1.364909872722089,-14.129274885271375
2000-10-12,-28.82309302942844,-34.14266404602065,0.7867769888109015,-13.32894581721727
2000-10-13,-27.851832403646505,-33.89223644464958,1.701429671515144,-11.15740731619799
2000-10-14,-28.553849264210253,-34.51934900256956,0.8987240845868997,-11.811287068261432
2000-10-15,-27.141082415113345,-35.757856285052995,-0.15721437248723513,-11.299779386296393
2000-10-16,-26.884202675475287,-35.92102278857203,0.7768351159145876,-9.499251522564197
2000-10-17,-27.652651097488747,-36.671274517991584,1.0169055985257802,-8.637689697470408
2000-10-18,-26.38588260428182,-35.95758829990791,0.6275894225551186,-8.241309259767167
2000-10-19,-25.548946386764875,-35.309053039964816,1.6579407480381103,-7.696692612433845
2000-10-20,-24.71683105311318,-34.931929271242886,1.9104356442288757,-7.59137443212133
2000-10-21,-25.05148681847413,-33.7410417007728,2.018440341623384,-7.926846525802776
2000-10-22,-25.278507453875225,-32.85768796933141,3.325983270119358,-6.694324395862911
2000-10-23,-25.23349476808405,-31.942232059891474,2.9401602568153473,-4.997418258729285
2000-10-24,-24.593497636428886,-31.947014361479425,3.6056616662952803,-4.862193992815304
2000-10-25,-26.191232773648547,-34.27300750971105,3.2298328225211597,-5.046351262492607
2000-10-26,-27.105909988317464,-35.25158507828532,3.5387439383636954,-5.969444711999124
2000-10-27,-26.63976125279074,-34.185909448383875,4.0817770747793425,-6.1824909579092
2000-10-28,-25.928376099043128,-34.34589095664781,5.365915079196581,-6.577069299283347
2000-10-29,-26.226558934532793,-34.41376769389957,6.423256040980256,-6.702899549162867
2000-10-30,-27.193171999336958,-34.62941607995025,5.897975307761856,-7.4617519663448295
2000-10-31,-27.286251313691874,-35.81753460687893,5.657417642281537,-7.921970520551038
2000-11-01,-27.832709232039814,-36.445444796490484,5.501690509308539,-7.427817852371797
2000-11-02,-26.925717899788413,-36.87841486216569,6.184903540511751,-6.817962811668401
2000-11-03,-26.520348031510824,-36.08962354344216,7.523036396880651,-5.456789827843495
2000-11-04,-25.888004749411856,-36.071068009965394,7.477810731942692,-5.535785125401797
2000-11-05,-23.955175014027187,-34.48728716136939,6.300566340098003,-6.36035332075139
2000-11-06,-23.966713578894257,-34.61936427609317,8.454614583293202,-5.72654910402785
2000-11-07,-21.209770497338955,-36.22229058275569,8.026510851081504,-7.831376536666051
2000-11-08,-20.257154246485506,-36.52338387045914,7.5473408998089715,-6.767393013410429
2000-11-09,-20.41697030235772,-35.95694775564752,8.101616782572057,-5.275284282613144
2000-11-10,-18.82460097563295,-36.748278889340384,8.157071467116388,-3.685027925792822
2000-11-11,-20.642729633526017,-36.662493923353104,9.975035307218263,-3.812396667523298
2000-11-12,-20.346367094908935,-37.10496422406547,11.03951932180247,-3.0998465429426405
2000-11-13,-20.93776140430685,-35.63078371945404,10.795548671125415,-3.6391694084142343
2000-11-14,-22.018734010265522,-34.90267844716152,10.021548887155102,-3.7812601193852324
2000-11-15,-21.473646552090003,-32.93911051595103,8.93821749697205,-2.757280666495649
2000-11-16,-21.713902088502326,-34.47857729624395,7.39028179993179,-3.089508116857702
2000-11-17,-20.991196200859953,-33.69596922883407,7.186923810921021,-3.1519604278499025
2000-11-18,-20.20151279251815,-34.53471122978965,6.739583486190766,-3.8299839977656527
2000-11-19,-18.670279506792763,-37.323436870426434,6.0831832814983064,-4.651324636005769
2000-11-20,-17.733776380719846,-38.441659951471834,5.990863036608177,-3.5145715528465233
2000-11-21,-17.544086647019885,-38.49405807553001,5.645600630025156,-4.317561409687894
2000-11-22,-16.251420573667545,-39.83179720225796,8.244717698329723,-3.967379455956074
2000-11-23,-15.865868553280928,-42.299025727407965,9.141420089586926,-5.659011317099825
2000-11-24,-15.846058944378616,-42.29855616033182,10.17112686980308,-4.885133679098572
2000-11-25,-15.580453612121731,-42.173222366621815,9.952599639106804,-5.706350405592856
2000-11-26,-14.722130788697315,-40.129726325840274,9.552539347013182,-6.655932810256797
2000-11-27,-15.610574818125786,-40.7618241679906,10.252611023442666,-6.513576254039991
2000-11-28,-16.291386113373505,-40.3732136350253,9.372974252398816,-4.751012266296289
2000-11-29,-17.130286087803512,-40.959840639796454,10.559752206679333,-3.328348027579281
2000-11-30,-17.24979047610563,-41.13414848399492,10.3105261672248,-2.560832321946892
2000-12-01,-17.090742876763585,-42.948350833706066,10.298304541591998,-4.692817376683015
2000-12-02,-17.7636405146571,-42.88151045998896,9.762529908302376,-4.294511417731371
2000-12-03,-16.546810898954423,-42.87313196761066,9.332341899897663,-4.840684045812734
2000-12-04,-16.710403054056215,-44.410254283610655,9.811925443028645,-4.223098904371076
2000-12-05,-17.11366482637964,-44.3896078194813,10.647971701496305,-6.320351578323205
2000-12-06,-15.829939356128168,-44.055027987695,10.179633011231735,-5.836796420911072
2000-12-07,-17.570470423438422,-42.9450177314719,9.69635533869015,-5.953082818815644
2000-12-08,-18.38791424340012,-43.15642998848458,8.622136947181842,-6.472586819647516
2000-12-09,-17.37181653363896,-43.65797546445488,7.474447409203122,-5.380713162909528
2000-12-10,-17.154652280632494,-42.72891010149473,6.402716182412494,-5.034365948708013
2000-12-11,-18.431932772564164,-43.37233674957403,6.798690550319802,-4.945393193154983
2000-12-12,-18.713144866870017,-43.338565254619105,5.885960488522969,-4.567398704557756
2000-12-13,-19.85892418839623,-44.220533028506864,7.73518372457468,-4.491002968098077
2000-12-14,-21.252660239417413,-44.691377639890156,7.698558776570845,-5.668955243048867
2000-12-15,-19.468098814006304,-42.97192043535817,6.8959416400000535,-6.136969703348037
2000-12-16,-19.35058124335191,-43.69455730308596,6.758113050282969,-6.0967278038217785
2000-12-17,-19.371420224755358,-43.72522435796045,7.279687764832163,-6.665913291400157
2000-12-18,-16.257870406967807,-44.46056058394034,7.569785579686407,-7.04315899349163
2000-12-19,-16.028246372597795,-44.631873353380264,7.4319098621905315,-7.109954216336164
2000-12-20,-15.073202033036434,-45.21349447346679,5.585387989027071,-7.1867305421022705
2000-12-21,-13.583085151512613,-46.7621628258975,4.702790085773249,-5.594704505982634
2000-12-22,-15.749955671101814,-48.252344792589376,4.929585833457652,-5.558710368806918
2000-12-23,-16.212220771632943,-49.332567993960836,6.5372324996796225,-6.4293062689471405
2000-12-24,-15.733690575884292,-50.26864363704102,7.042914748505455,-5.919759207969238
2000-12-25,-15.223247884277272,-51.29279935997997,7.109235098022703,-7.714388830300611
2000-12-26,-14.924392266964741,-52.966146956056626,8.502049811946355,-7.553329601458233
2000-12-27,-13.576187628747896,-51.330150606150234,8.296146609843131,-5.859422984970464
2000-12-28,-13.69499766051031,-51.07982067774576,7.780997640885668,-6.052957660150833
2000-12-29,-16.101557427568846,-50.64764693509663,7.294214086189458,-5.166576305800619
2000-12-30,-14.743248581770636,-51.49665431825559,6.120087525762825,-4.454800663119986
2000-12-31,-13.185965584726635,-51.88271239802369,6.053505578028655,-4.066786458458712
2001-01-01,-14.170517548166712,-51.3012203508341,5.932316633494043,-3.405375398190891
2001-01-02,-12.537234377801932,-51.66411511284891,7.067722686534037,-2.8486463658047723
2001-01-03,-11.95300681675392,-51.78508957889585,5.532413966004077,-3.8301512762442202
2001-01-04,-13.726754796507048,-50.86914893150097,4.264259073228035,-4.341371575749129
2001-01-05,-14.511793345711986,-50.604023161516224,4.294457358596028,-1.8298903976613925
2001-01-06,-14.67575311699402,-52.035090296167034,3.933842752365869,-2.0741886080239706
2001-01-07,-14.958223156568614,-52.55083741550971,4.601320647464172,-2.2422233165816623
2001-01-08,-16.457917243346785,-50.44377265668858,5.372196418295783,-2.0734328413702494
2001-01-09,-15.88543853932761,-52.04130894110313,4.724939829957763,-2.22469861964168
2001-01-10,-13.488975122139937,-53.550139016875114,5.613045491592256,-4.2472026842668615
2001-01-11,-13.874121711852442,-55.510681776533914,5.21256873490175,-3.788692801849406
2001-01-12,-12.994553820213554,-56.222303926922386,4.834676182824497,-6.262763964001898
2001-01-13,-13.608459492354221,-55.13737755854759,5.45260159324472,-4.9537585857730955
2001-01-14,-14.71183944346621,-56.43754096152386,5.424636131111101,-2.804715222099049
2001-01-15,-15.666508058925677,-55.540213843621196,3.18475676959854,-2.4679922941707533
2001-01-16,-17.485499729529383,-55.29366828467032,3.140112928331447,-3.7139958848792185
2001-01-17,-15.400072704195335,-55.88696088824204,3.6005533769740135,-3.599927470606554
2001-01-18,-15.393707266287915,-55.940772844081046,3.2775415134720722,-3.417437517666069
2001-01-19,-15.089846104793676,-56.951557057781066,2.682511982986303,-5.087567949703772
2001-01-20,-14.867799986576303,-57.20393922487803,3.3221172226749145,-5.663265952944522
2001-01-21,-14.215158402838073,-57.013767762453746,5.064216477497051,-6.32898642409072
2001-01-22,-14.114766282139456,-55.5827094131755,6.85039126938269,-6.96062727204422
2001-01-23,-14.999816026350603,-56.54644860598031,7.128108176685509,-5.396587450858948
2001-01-24,-12.944985206477858,-57.2286945611156,7.842533712985135,-4.732959999591813
2001-01-25,-12.385967153539937,-57.29881075229839,8.07050252542885,-4.531880694914817
2001-01-26,-11.321868836965265,-58.607622290756034,6.769615919256253,-5.215974888308368
2001-01-27,-11.321386287214727,-60.01157471157834,5.633160319933944,-5.453853648556286
2001-01-28,-9.800462247763102,-59.493457305991605,4.410013823338796,-4.1635658261975514
2001-01-29,-10.5192268067236,-60.272592218427334,4.691957210916808,-3.9920277012728422
2001-01-30,-10.112752598001856,-61.599384792996716,3.6921329421555247,-5.8404827308432505
2001-01-31,-10.349579942206885,-62.087268763288506,3.348161142381143,-4.896291496441315
2001-02-01,-9.047034437482509,-62.217332905401264,3.7068507456907147,-3.9137462108702055
2001-02-02,-9.243851233560052,-63.827137989629975,2.494572113540883,-4.745228841079429
2001-02-03,-7.096350314781476,-61.66145764767051,2.507758746872259,-4.2237978098297075
2001-02-04,-6.2104921128511075,-62.75539152064109,2.8777680062055104,-4.636113390675446
2001-02-05,-5.361414518091231,-62.16312043380648,4.072344017063215,-3.7918939087150454
2001-02-06,-5.491698980854041,-63.0439067046027,4.549812084201028,-3.5056063844750036
2001-02-07,-6.390782866060378,-63.76672948222775,4.931408963878372,-3.3844518424894114
2001-02-08,-7.56450456767887,-65.8280650227024,5.15685215149656,-2.71259905482353
2001-02-09,-7.3783193834021725,-66.23054998924539,5.814614365335815,-1.4419640903212667
2001-02-10,-7.559514506580237,-67.56073246639468,6.0534122203067495,-0.21881797758780963
2001-02-11,-7.253858256011669,-68.38513598559332,6.795645111534038,2.118210976437326
2001-02-12,-8.927943179339007,-67.92132000489732,6.939230025611435,3.131986198505518
2001-02-13,-8.27554715556394,-67.3629829540386,5.719072323616307,2.5976550098407047
2001-02-14,-8.418872655085515,-68.62121255936566,7.327952979045509,1.1795749514219616
2001-02-15,-6.610078818160008,-67.41096607453258,8.496238713932076,1.3646233818624918
2001-02-16,-7.276681592465163,-67.83170802853898,6.737782637765565,0.7124729265540386
2001-02-17,-7.9320845493682155,-66.76232917186498,5.9549641936701345,0.35993970666273306
2001-02-18,-9.230937273037116,-66.51816076991153,5.294944974636868,1.5022004803038138
2001-02-19,-8.624548920611248,-66.7924335893551,4.873170127158376,3.404448877377578
2001-02-20,-8.166050994553576,-68.85794938098967,5.554822959450102,2.526428827403936
2001-02-21,-7.642046886347401,-66.1329854106757,4.717547712661524,2.4172488825385052
2001-02-22,-5.832043658276098,-66.33840167531856,2.6164784617524632,3.593887456293989
2001-02-23,-5.287239903435893,-68.30724090170573,3.487961574867793,3.944215206238709
2001-02-24,-5.756057952302076,-66.88311261447646,3.3579914483694218,3.1608385299125983
2001-02-25,-5.241798831831604,-66.17047500772897,1.4639788498494815,1.8458491214601718
2001-02-26,-6.0629802823078585,-68.54299191068094,1.4026948995742536,2.039753542267612
2001-02-27,-6.8094728657503625,-68.0457209840189,0.6791532791165152,2.2052376218272594
2001-02-28,-5.841041357725158,-67.02948892749468,0.679221227909504,2.402537244675285
2001-03-01,-4.963376661894273,-67.97094228221472,2.2004766107680966,3.05377065930039
2001-03-02,-2.831836331873141,-65.89334958338092,3.179101413458343,4.768128247892676
2001-03-03,-4.200552511947138,-66.5505157943211,3.389712166242384,4.91025160096304
2001-03-04,-3.6645031107158847,-67.46561138339626,4.709636908013355,6.658440895611381
2001-03-05,-3.079456081902591,-68.44286588766076,4.776499389158798,4.97560025931347
2001-03-06,-4.937577004493907,-68.96286125190619,4.10996959253229,3.0224361834396527
2001-03-07,-5.436949588055157,-67.15115408070132,6.206903893838119,0.763638696338039
2001-03-08,-6.017331548646389,-67.8213882175969,6.880902949501928,2.3401163543532393
2001-03-09,-4.906909191928235,-68.70357010832147,7.766948351886316,3.52696344709796
2001-03-10,-5.441198430861038,-68.5078244733292,6.905963438079649,3.5117318745178876
2001-03-11,-6.68129962911519,-69.86297472300578,7.530032467488718,2.788914154656786
2001-03-12,-6.945676707303521,-70.19721346929022,8.694580798313023,3.0258285510431095
2001-03-13,-8.190621755541455,-70.15638936321747,8.336608638049503,1.6075882773134142
2001-03-14,-7.524096764356669,-69.81094858661223,7.257423532529968,1.2469392564181423
2001-03-15,-4.7209634350531156,-70.30725481848741,6.354251761880631,0.5076374858184062
2001-03-16,-4.640829960556285,-68.88844401998219,6.23005172168779,-1.8654346067906942
2001-03-17,-4.258619130133676,-69.75194299870263,6.025532671681358,-1.8945153248674507
2001-03-18,-3.9539446845049433,-67.96559082825587,5.272366150563789,-1.7162447144474204
2001-03-19,-3.0890922589983627,-68.36806579534326,5.017689476130994,-2.058458267479545
2001-03-20,-3.698201422345028,-67.79995448840495,4.777958313009775,-1.8454593187735362
2001-03-21,-5.347285061409005,-67.68954683356709,2.9518191071284337,-3.048282474395425
2001-03-22,-7.020607231685282,-68.67699473122535,3.874005687240997,-3.538452845432327
2001-03-23,-7.3430626611204,-70.20738041049744,4.407706177202649,-3.3050785883196436
2001-03-24,-6.754105598503869,-70.16482245267453,5.209109732235053,-3.0655514048012726
2001-03-25,-8.406168245426262,-70.32422804948882,4.652345640419407,-5.085639869148528
2001-03-26,-8.21311191831144,-70.34838560130505,4.702321270871999,-6.446855927617962
2001-03-27,-7.538220507047328,-70.2379081106573,5.832333139837619,-9.062988236034483
2001-03-28,-8.14396235878901,-72.2199255298049,5.698480013292839,-8.249278394064158
2001-03-29,-8.00089308900328,-72.00966012876805,6.281298288554086,-8.093795807086689
2001-03-30,-6.619877381764512,-70.60932729207572,6.698743251359412,-8.533608987090568
2001-03-31,-7.296295391657405,-69.87470273572737,6.740368834149596,-8.457256077058963
2001-04-01,-9.744264778015797,-70.31325177250426,5.7525312158637005,-8.448951068340152
2001-04-02,-8.524539681350848,-70.71544262514354,5.142551436023242,-10.52465828144845
2001-04-03,-8.04860439736082,-69.69550810403847,5.2186259594250615,-10.192608504844957
2001-04-04,-8.670520845082898,-69.82247632208258,4.838831661587297,-9.64796127431647
2001-04-05,-6.332329962891,-72.43448819104336,5.3523985022099545,-9.544583393533907
2001-04-06,-7.1234628326233675,-72.30338385341939,4.276814542171261,-9.112599163394597
2001-04-07,-6.391339852652106,-71.13875207853347,3.998161374677817,-8.70240775048011
2001-04-08,-5.644673898173067,-70.85491545596555,3.2133268981640164,-8.933738249534816
2001-04-09,-7.2527136695198156,-71.5441196352805,2.828972807638573,-9.59226926527132
2001-04-10,-8.686581949827808,-71.3281192105907,3.3267954211240687,-10.354019105976276
2001-04-11,-8.787717998378143,-70.28906178203209,2.8103390506506347,-9.534699622023993
2001-04-12,-8.96288245078856,-69.22864390793595,1.15439088278487,-10.537004749201673
2001-04-13,-7.634074871057248,-69.32923460925353,1.1771162770228276,-10.449152788566797
2001-04-14,-6.613941621128569,-68.16546456496872,1.274643309695558,-9.448749426918322
2001-04-15,-5.610252127646388,-67.54348986692644,-0.6350654712922652,-8.566304473477098
2001-04-16,-6.781659135518763,-68.98151108724997,-2.651421054307046,-8.597608704391687
2001-04-17,-7.978579814294896,-69.82930750190667,-0.8255327250051736,-9.326521994143583
2001-04-18,-9.428975246796137,-68.4334544640048,-0.970219430486029,-8.18625439198426
2001-04-19,-9.589241262869434,-68.74612907474776,-3.6785309020578234,-8.90971464167679
2001-04-20,-8.409954286692317,-70.03054679930953,-4.045701173240349,-8.59312609100149
2001-04-21,-7.705171305324368,-68.89421849463594,-5.15243723213637,-9.135266148165178
2001-04-22,-8.27735128559729,-68.18961758743563,-5.575562223702063,-10.665687866482378
2001-04-23,-7.311399532317376,-67.41754612824106,-5.0511467208315715,-10.765764358050022
2001-04-24,-6.685390432679576,-66.38309819391861,-2.6808853031741844,-9.212994914186906
2001-04-25,-7.361362863528317,-65.37265729669791,-2.1427391343034525,-8.132100842382483
2001-04-26,-7.827608257858417,-65.28759177296408,-1.1508897570675838,-7.620162914646162
2001-04-27,-8.393027445361202,-66.09775205929876,-1.936421288561737,-8.610360346441627
2001-04-28,-8.550203814912859,-66.32777442940558,-0.16915301445175324,-7.478478507665306
2001-04-29,-8.151279590494315,-64.81155509908857,-0.24859195249353805,-7.160309389988033
2001-04-30,-8.199091500378355,-65.69348955657014,0.34273064220412897,-7.042953098414573
2001-05-01,-7.658820851015543,-65.14372312700648,0.7230203319180614,-6.356929657632686
2001-05-02,-8.81804020785391,-65.5370693545841,0.4169274991501347,-6.382993549858149
2001-05-03,-8.034493628135143,-65.07589899202779,2.516912581313316,-8.481760168813045
2001-05-04,-6.982329864774098,-68.00503155099625,3.657945253757636,-7.743524153647642
2001-05-05,-6.891937348158164,-68.51866041330733,3.471513382088173,-8.565809131301448
2001-05-06,-5.486504269724747,-69.46089337582995,3.6333674210012603,-9.337667964028448
2001-05-07,-7.018046494038219,-69.40677707839923,3.8980298830772577,-8.46675219562217
2001-05-08,-6.85538049233952,-67.62089810701411,3.832069481206727,-8.106126812987421
2001-05-09,-7.045558627644271,-67.69112014274837,1.60404306673047,-8.084850647611647
2001-05-10,-8.639747614502172,-69.04906636328867,-0.6079172052641484,-8.297595823731289
2001-05-11,-6.585783457274562,-68.91641398716811,-1.3587930468921234,-10.096702505491134
2001-05-12,-6.364542959264867,-68.67528789606257,-2.239915169343119,-10.442950235227602
2001-05-13,-5.239332738519012,-68.37989908139902,-3.221111135900916,-10.091615699432792
2001-05-14,-6.582895973374096,-67.78380881603509,-1.6950861610739152,-10.725435427396818
2001-05-15,-5.341752808138602,-66.51503064168709,-2.5594489446017326,-12.256023785546072
2001-05-16,-6.393543058941652,-67.03117317651301,-2.2325343760384664,-10.923882483034053
2001-05-17,-5.400840571963572,-66.21173647954606,-2.2863381499260176,-10.650952644843553
2001-05-18,-4.002973261941387,-66.43157017591126,-2.350238327757731,-12.710706506412855
2001-05-19,-4.123070489351906,-64.95605370100083,-1.745235687001311,-12.256960183682743
2001-05-20,-5.480306096147954,-65.43850265996464,-2.7480360424666888,-10.46368291950853
2001-05-21,-5.2182466783592805,-64.2102463438022,-2.9671606128532804,-10.113851330721813
2001-05-22,-5.81623807897458,-64.69415419983211,-1.8180765275404507,-8.094484784469088
2001-05-23,-3.9923075804559915,-63.616033561583805,-0.8121214834385917,-7.059891905123989
2001-05-24,-3.0603514002901315,-63.127969654097754,0.3061913824211113,-7.310068120332338
2001-05-25,-3.784461192937953,-62.2114342052173,2.3850806538817904,-6.419752873965266
2001-05-26,-3.256724276759406,-63.332332912773204,1.994781899386903,-6.752170967844214
2001-05-27,-4.484161754609301,-64.50090780710876,0.6302943020113194,-6.612175987396454
2001-05-28,-5.425522865933693,-63.35846430688041,1.0210864413361582,-7.407464879633881
2001-05-29,-5.992917269100781,-62.92088197503033,2.9325757876734713,-7.796920240789447
2001-05-30,-4.733633522731066,-64.01758536604952,2.514236750729466,-6.842730736732726
2001-05-31,-3.8166016437775308,-65.5392858198849,-0.33400451483825355,-7.801113141267219
2001-06-01,-2.6208202323359955,-66.36236561207095,0.5660248395763421,-6.217051983539914
2001-06-02,-2.3317288854574936,-65.68564950664121,-0.12865780531954807,-5.182170434766599
2001-06-03,-1.0931083440110998,-66.12383772364713,2.086376793596779,-4.858647802168575
2001-06-04,-1.4310306920497669,-66.42873012076191,3.4118308330373317,-3.884299406478511
2001-06-05,-1.6411736566375037,-65.49292891045287,4.485808404053435,-3.352628818310013
2001-06-06,-1.8220187917873796,-64.44485417681703,6.046572983497814,-3.4607178569114363
2001-06-07,-4.305710759624166,-65.99055778479314,5.562957435289743,-2.071594803209293
2001-06-08,-3.855575597141213,-65.76607284655167,5.6227499195422865,-1.0126369547741374
2001-06-09,-3.0040729151711547,-64.31418712314155,5.917504565410896,-1.8260955730773831
2001-06-10,-2.8857213937010373,-64.8495815646192,4.5564615975004585,-1.977582770390155
2001-06-11,-2.0981932152092355,-63.07918731500794,4.908420602379845,-1.1452027452240037
2001-06-12,-2.0265707045099064,-63.56857327333444,4.218123122990155,1.014348994411331
2001-06-13,-1.9346146564518925,-61.57705486043858,5.491219080191143,0.8557540109122328
2001-06-14,-1.9058547495791953,-61.41114068192684,5.711174135945169,-0.9314218329521977
2001-06-15,-2.7635648764485183,-59.512839886310445,6.164704143777553,-1.0872961734926352
2001-06-16,-2.609575235947055,-60.657941227435984,4.951563094505,-1.96476398494217
2001-06-17,-2.5423867681104193,-61.02708930592556,4.588356914764637,0.9360744947753861
2001-06-18,-2.9531173471426877,-61.70697039767016,6.144796909261425,1.2709005637071256
2001-06-19,-3.329461012775758,-61.521518799088,6.1253973928840795,2.595591943080315
2001-06-20,-5.156971727998837,-62.27229044405948,6.552625517526789,3.0932490012546214
2001-06-21,-5.390045356176011,-61.065500859883535,8.189057338590663,3.946585965135539
2001-06-22,-6.661328176827004,-59.79187599011574,8.88009707215476,5.713666601447992
2001-06-23,-7.360426215747133,-59.506113339289364,10.014516895836856,6.01953575909486
2001-06-24,-7.284480157162781,-59.23871084896428,9.97459871036304,5.161239452974344
2001-06-25,-6.782950149139962,-60.43547172627151,9.602599619050544,2.840943605881492
2001-06-26,-7.790933128105169,-60.601739589296336,11.82742763024658,3.8334339678637357
2001-06-27,-7.928687862229243,-59.54938456490095,11.563478288224669,2.0397003617937806
2001-06-28,-9.20229811485697,-58.28391483528652,12.070906826441353,3.356875134758984
2001-06-29,-8.451716172242632,-58.24347753967284,12.348039403855994,3.184030276880046
2001-06-30,-9.432705310451507,-57.66195322439197,10.614998034317905,1.9866238964366787
2001-07-01,-9.32761933106995,-56.105902787279014,10.447567888101759,1.6818165579292634
2001-07-02,-9.497008236178452,-55.520598115200364,11.754715865207478,2.9737803118784853
2001-07-03,-11.00525897207358,-56.04715580814264,11.375293990553121,1.59437599042642
2001-07-04,-9.148329206650189,-54.96567224405881,11.840932780486213,1.4749442779948894
2001-07-05,-8.045717724783447,-54.51247425312705,11.699309622748542,1.6267549820375038
2001-07-06,-8.359508035142516,-54.12124187529752,10.3252804339572,1.0498285261758142
2001-07-07,-7.541270847955634,-53.84763699860321,10.160706787203216,0.26021563756292554
2001-07-08,-6.10430920512809,-53.86946320491484,9.718861847937323,-0.23818144802007507
2001-07-09,-5.80853962333393,-55.12536644243443,10.805578972835772,-1.994506951897688
2001-07-10,-5.510151515962431,-55.364124580904694,11.806955240081706,-1.913110217625517
2001-07-11,-6.261420109837903,-56.192707700740456,11.219117497127247,-3.4726198620805713
2001-07-12,-6.414304680673227,-55.710606567536956,11.55670784139287,-4.159418022285829
2001-07-13,-5.517361236310443,-57.09118715345546,10.700181680385072,-4.395737991480197
2001-07-14,-5.003973908428764,-56.21627595266728,8.674852751417125,-3.6784896321528784
2001-07-15,-4.044559417046998,-56.563967632867204,7.610824790999705,-4.253399696709209
2001-07-16,-2.9516792339155247,-56.72903724570102,7.660255039261777,-4.703142008249348
2001-07-17,-2.7403031921972603,-56.25038300786037,7.8068128610000675,-3.286095305853066
2001-07-18,-2.680174816784712,-55.178129584175274,8.015818293100368,-4.433834879886086
2001-07-19,-3.022095158586974,-55.739656787169345,6.596383875016819,-3.5543139165583666
2001-07-20,-4.372437831451309,-56.986709498920874,5.990602768401142,-4.275341897512666
2001-07-21,-5.369435426016358,-57.05425424389188,7.918190814277832,-4.478199436472355
2001-07-22,-5.663374135690759,-58.40985804143775,8.080536210107953,-2.9429131743266166
2001-07-23,-2.995790218089147,-59.6685957872735,10.138605222105562,-2.3473447148379543
2001-07-24,-2.426027023253771,-61.32928948304796,11.503450903800172,-1.0662738118520025
2001-07-25,-1.7708078970127046,-62.58135096064605,12.755870298372832,-1.8978829468868292
2001-07-26,-2.4000242090776176,-64.09054582020327,12.293268678527454,-1.6640800643505933
2001-07-27,-3.0325183670094082,-65.26517809073891,11.694581661859461,-1.9752615397314912
2001-07-28,-3.014050180328922,-67.03866595000852,12.140487683012603,-1.9914682880594843
2001-07-29,-3.490461598302622,-68.06294425507306,11.763285821666079,-2.288760786429044
2001-07-30,-0.9621347318314908,-67.55795805790646,12.46940792081934,-2.3705704658818774
2001-07-31,0.6426872775476671,-69.8492414567373,13.084802621049974,-1.9310278316884015
2001-08-01,1.7838522311889768,-70.18544232501638,12.477692697905566,-0.7266449004060882
2001-08-02,1.8758719342175336,-70.25621005687428,11.090423867296911,-1.8349953010743645
2001-08-03,2.8648574054129425,-71.44531346273949,11.16142324142803,-1.0240292161516265
2001-08-04,2.707110342817783,-73.37793940219242,9.633821126253501,-1.3136890323143677
2001-08-05,3.3583634203269046,-72.14053315384373,9.846323323889887,-1.5550249702235368
2001-08-06,3.004310314737974,-70.44544144525501,11.45771959947032,-1.064570104340714
2001-08-07,2.1419889252094255,-70.81337347189623,10.426105246780551,-0.7450082190315075
2001-08-08,2.4201841260323547,-71.38210696127295,10.088482912024235,-2.6268471263869317
2001-08-09,2.7868569350102126,-71.4872334789609,8.889430037830493,-4.36149562646419
2001-08-10,3.931711090189895,-72.36675616371552,8.29168234636482,-4.567723476617387
2001-08-11,3.70523381802525,-72.69595159241216,10.049728967588795,-4.142030226449271
2001-08-12,5.376276738412237,-74.0970477817355,8.989820324277831,-4.690719936870941
2001-08-13,5.455589350065296,-75.2068786385243,8.402338897727086,-2.538795357578981
2001-08-14,6.812867305302961,-75.80145324775495,6.350602947784901,-1.8003425554188004
2001-08-15,7.174287491944559,-74.49124220232746,5.083615980838216,-2.5051295832816107
2001-08-16,6.131919042451197,-75.21186306375381,7.830869997558241,-2.1617884972246784
2001-08-17,5.846623020633139,-76.08496264126103,9.563741239115384,-1.343484072890131
2001-08-18,5.569540603637916,-74.92178786386188,9.733975517646474,-0.2967587198325983
2001-08-19,6.873728883709396,-75.90277971543253,10.17451011732833,-0.9362301491013475
2001-08-20,7.595743779377723,-76.34708485792449,9.497114649209312,-1.8858590591979367
2001-08-21,7.939945446975069,-76.25043934710524,9.395937480421006,-2.331123427016651
2001-08-22,8.142028067432493,-76.80246741584352,10.082786975680781,-4.553934176770568
2001-08-23,8.911075897327885,-77.14349996456625,11.379747309255087,-7.052602192580636
2001-08-24,9.410828282289469,-77.10641909977288,11.288658864986006,-5.783350534165551
2001-08-25,8.693274001919603,-78.10817090278414,13.354746057471477,-6.453477752100215
2001-08-26,9.758499272762451,-79.16479255947597,13.490216239571996,-7.295062355514324
2001-08-27,10.139886723949456,-78.8388091153274,14.06704461895494,-6.789618627478898
2001-08-28,9.340890262749864,-81.57367930788381,14.729942344565213,-7.26113880310065
2001-08-29,8.974172883439739,-81.54669224455748,14.118803884886281,-7.6100521834048935
2001-08-30,8.929021451261045,-82.34793562434284,13.641179680387113,-7.667272138691796
2001-08-31,9.346807081874875,-82.61569724145444,12.445769073236834,-6.832844212285319
2001-09-01,10.261214720340035,-83.65203699106394,13.353545468521586,-7.7467459612014045
2001-09-02,10.254918859713504,-83.86892917085528,14.21915326542718,-7.283698986389799
2001-09-03,9.04067182925042,-85.32796263569537,12.017509872956419,-8.265846747059868
2001-09-04,9.37593228987754,-84.91027041351298,13.402574030069689,-8.309073028724468
2001-09-05,7.735828695711423,-85.69384229632878,12.731258474553394,-8.768675147922496
2001-09-06,7.599209483129678,-86.24321305126887,13.394101246960501,-10.047256597307651
2001-09-07,7.158506046903345,-86.1013383045093,14.808054244070684,-8.768846645754076
2001-09-08,6.407947247843526,-85.50199481685742,15.09413027456275,-8.250971595500182
2001-09-09,6.426506905010584,-85.54135759815756,15.530264492364038,-7.096529031891469
2001-09-10,3.5359205683487622,-83.49632964015092,15.668940057674996,-7.9285692697204295
2001-09-11,2.4643759702144106,-83.15334285309912,15.753781027256387,-7.040836059751026
2001-09-12,0.860156165383712,-84.73965255631337,14.045670574826506,-8.88506652288376
2001-09-13,-0.4470399642634435,-84.3035156369783,13.299742205518154,-9.22256860640033
2001-09-14,1.17378891409307,-83.59027795505793,11.95740762904935,-8.639961842048194
2001-09-15,0.6670461273909489,-83.08663294266306,12.484767566481079,-8.044883153452986
2001-09-16,2.3079246496215116,-81.93498832560934,13.011223472413784,-7.261951276395273
2001-09-17,3.03566931396023,-82.9265311109641,12.299961234307965,-8.791816848906773
2001-09-18,3.6043621277042863,-82.4556200129095,12.08837772700668,-8.908951127378735
2001-09-19,4.138477202674495,-82.20324358389209,11.686543226378145,-9.831058605244126
2001-09-20,4.135383719372537,-82.10661713322087,12.435473634876043,-9.799223148069174
2001-09-21,4.064074078822064,-82.87523233910498,11.865713106072503,-7.681395750905007
2001-09-22,2.5617232234730993,-81.54859400052824,12.926795901781313,-7.06809710387896
2001-09-23,2.46744107849759,-82.53296171419596,14.346689319163088,-6.381239185168052
2001-09-24,1.773653660428645,-82.95664026849128,14.063240394910721,-7.887995582047045
2001-09-25,0.4716646787637424,-82.59492961136655,12.39945233889247,-8.621267284952804
2001-09-26,0.4082715383735783,-85.38708316912331,11.596663136383413,-8.710430316031191
2001-09-27,-1.3151336793085715,-86.58456360515801,12.419482699002984,-8.166523567086989
2001-09-28,-1.1918079585643966,-86.41988812727531,12.88480490779606,-8.648088760096005
2001-09-29,-0.6925624619127897,-87.11301799575803,13.939419364980612,-9.186374466810472
2001-09-30,-2.650860020220422,-87.02769542910428,11.882889779376066,-7.941938200357406
2001-10-01,-3.067338285025561,-87.6197085525078,11.384783211198894,-10.11185592003157
2001-10-02,-3.211024478422514,-88.0463832808512,12.251586979021447,-11.048830113912272
2001-10-03,-1.1094277915658166,-88.22117758081893,10.485821935601447,-12.275329639636393
2001-10-04,-0.7185946827998142,-87.59055218719347,10.911688886520906,-12.672437820083887
2001-10-05,0.6389978950895912,-86.64168741627425,11.018422363205662,-13.085980131199046
2001-10-06,0.7732671462969567,-87.1366515685877,11.471082165376767,-15.142424467740154
2001-10-07,-0.24817428515485962,-86.96888516735802,12.898795547569835,-16.15736613936367
2001-10-08,-0.517652311390884,-87.1283878013699,13.938982447840402,-14.538607013504256
2001-10-09,-1.2016827211157706,-89.30247591215625,14.484478552320407,-16.356120602941907
2001-10-10,-1.291587892655067,-91.22404856604443,15.71470569899815,-14.914891146339714
2001-10-11,-2.465550819543669,-90.33603641533227,14.664104540875847,-15.538911321611405
2001-10-12,-3.288109789423113,-89.46481352300596,14.138407635078662,-16.32450209208479
2001-10-13,-3.2313117023505304,-89.09947361678334,14.564029331650127,-17.785332738235894
2001-10-14,-3.2987963795360207,-87.48726260143228,13.580170124813462,-17.146151157204454
2001-10-15,-4.382262327364149,-89.09686901310266,12.342784742596917,-18.329270041417736
2001-10-16,-3.884891632339549,-88.71148545007212,12.744891565250757,-17.81357710500637
2001-10-17,-4.0072390466846635,-87.84120454269913,11.49070834859278,-18.148720432103886
2001-10-18,-4.145414185694903,-88.8759344248842,9.855206899667216,-17.143535271743552
2001-10-19,-5.537834910777974,-89.8527434964746,8.848974659946968,-17.943578676699442
2001-10-20,-5.718992690231145,-91.19322131856413,9.930112930764047,-18.72385831673957
2001-10-21,-6.184535250846806,-92.2353511998658,10.343896215577121,-18.757878559546622
2001-10-22,-5.85263751407639,-92.76807358096302,10.227114020003986,-18.877502273760584
2001-10-23,-5.9364858532778655,-93.20340590864089,11.950641407647812,-17.675248748863645
2001-10-24,-6.1591036592734625,-95.13539517185002,13.116087046340528,-15.683752341661044
2001-10-25,-5.963577946250941,-96.20748496161835,14.245308848055654,-16.005242149753364
2001-10-26,-5.982442598156575,-96.69423831090351,13.813374199873822,-16.13566725408128
2001-10-27,-6.198561163220896,-96.04669434597162,13.815855020390165,-15.957884470643743
2001-10-28,-6.80421690658179,-95.53173254300087,12.123271507241375,-17.269577643115884
2001-10-29,-7.097988791469204,-94.29815050737305,12.382230090500958,-17.778696429479492
2001-10-30,-7.35820789732628,-94.78871265712698,11.571991566452432,-18.83140797775326
2001-10-31,-8.334572176351093,-94.73344566025553,10.936277257298626,-18.086220657720965
2001-11-01,-8.628210855195205,-94.04070041778971,12.041364386922025,-17.74270954817806
2001-11-02,-8.351073648716099,-94.5971328203414,10.328785573855628,-18.7417460483311
2001-11-03,-8.53331278435939,-94.20166124919349,10.1914325366958,-19.206647228429205
2001-11-04,-9.233461810926457,-93.34601231696784,9.493148102591306,-20.12134036158839
2001-11-05,-7.57497066798258,-93.28175430629362,10.059549225910237,-20.04488169757898
2001-11-06,-6.1219301514622,-91.04452055810604,10.604601466606253,-19.286610020477383
2001-11-07,-7.852304843005816,-91.10288891873302,10.212964169935413,-18.772279403940534
2001-11-08,-7.2787579716367645,-90.09348849334995,10.645574329121715,-18.585714055673986
2001-11-09,-7.436339451551723,-90.5205867678013,10.354920632676691,-19.371381794594473
2001-11-10,-8.902426916134411,-88.79781097141999,9.200255346270604,-20.53120559576292
2001-11-11,-8.66248040401623,-89.41575560774666,9.29256569885263,-22.039177105947413
2001-11-12,-8.273193303771949,-90.4409063800556,9.334926016367074,-21.741108622077295
2001-11-13,-5.53804529241118,-90.27652443439395,9.339705523859758,-21.633871950905082
2001-11-14,-7.676904281179677,-90.61977088121006,9.840761619695005,-19.62929489067786
2001-11-15,-9.511635553623845,-89.71365364184652,9.528195656048473,-18.433672261017012
2001-11-16,-10.439961601453176,-88.47083119593225,8.406071234039228,-18.053887897449936
2001-11-17,-9.76187612211917,-87.61141084152256,9.627831555338592,-16.628735676845995
2001-11-18,-10.408087903635598,-88.35939428576245,9.169839693059618,-17.250516302647906
2001-11-19,-9.426740419852232,-88.25566745903843,9.521815663329344,-14.96327650283634
2001-11-20,-9.176166013386672,-88.48352142036785,8.069896757209412,-14.062446901624563
2001-11-21,-9.012907499748179,-90.54586698891656,8.174774810002235,-16.065519892840854
2001-11-22,-9.017900147150533,-90.46105071526073,7.110801025594973,-16.860334724162676
2001-11-23,-8.623543331208987,-91.70626029923253,5.8085328240534375,-16.074606249303315
2001-11-24,-9.22672229779172,-92.4253998823236,5.410868577149928,-16.312172666749802
2001-11-25,-8.884265990267798,-92.54332306811676,5.048340678189422,-15.884578643503964
2001-11-26,-9.693565677834505,-93.03470905364661,5.183570383701976,-15.439566108779227
2001-11-27,-9.460469676290005,-94.18016955048216,5.259308439888075,-14.927205428589556
2001-11-28,-10.699129749903108,-93.72386013948828,4.751966724517632,-14.170461654874467
2001-11-29,-10.357023799912112,-94.52183276663325,4.3286861672268095,-12.992673886532133
2001-11-30,-10.990589625690584,-94.59469236555518,4.066864858095808,-11.587661892499662
2001-12-01,-13.244219002719221,-94.30948207530517,5.058776614234321,-11.128742931347958
2001-12-02,-12.41417087329353,-95.43834595495976,4.579362146783565,-10.53826364906295
2001-12-03,-12.177971049488663,-96.72098597037431,5.829272317823231,-12.32733404376249
2001-12-04,-12.86979414786528,-95.65939292348888,6.730017547324795,-12.563378176081844
2001-12-05,-12.126309204301558,-95.36322500266753,6.006311239743019,-12.360302321496782
2001-12-06,-11.769227037623004,-94.62820423625081,7.716570157656157,-13.13142018605354
2001-12-07,-11.346268735746134,-96.41714783476286,7.422819660701289,-12.800088465491438
2001-12-08,-11.556714083032528,-97.61673498175938,6.473932980198547,-11.918360076051819
2001-12-09,-11.797941070224345,-98.60676340179755,6.4759081501625,-11.61802576919431
2001-12-10,-11.160772581901242,-98.37306009582959,6.179187436381101,-11.672780401653604
2001-12-11,-10.360289865230197,-99.29850966466505,4.490152292029672,-11.225646334731353
2001-12-12,-11.113990794873422,-97.98260952835197,4.477159867574027,-10.212070387127712
2001-12-13,-11.029395551882887,-99.19062240644257,3.6961333394313374,-10.648821232329993
2001-12-14,-12.75845127140214,-100.15991661128677,1.8624756686476514,-9.906380758848305
2001-12-15,-11.731314771255441,-101.95323870780089,3.497906180901561,-7.128484543210583
2001-12-16,-11.86003143994421,-102.08580154738922,2.8235311654512283,-7.352034858536833
2001-12-17,-11.286193367953741,-102.79811501933685,2.3970030500541317,-6.402749096719036
2001-12-18,-10.39622430970985,-101.74097622248006,3.2215182496595607,-6.961099760171963
2001-12-19,-9.309205956525686,-102.74883126756558,2.763111763030244,-7.2837188404726545
2001-12-20,-8.255922993714602,-102.41936871761048,3.4386439336798977,-7.076057498749326
2001-12-21,-8.041990920538906,-104.51429956591102,2.930970096916076,-7.293159930793487
2001-12-22,-7.713831649388826,-103.93304315137803,2.7165324358535705,-7.246108743966922
2001-12-23,-7.786702769179865,-105.43484409819966,2.196157180259644,-6.712949655718404
2001-12-24,-7.235276956039802,-105.40850998725732,3.1416241700404295,-6.039968908785656
2001-12-25,-6.484916748599096,-104.59002680642088,3.1104475320219103,-7.010008868892295
2001-12-26,-8.613390078556826,-105.55118571597185,2.6487389189132284,-8.210467941765964
2001-12-27,-7.133839255545889,-105.90758469388798,0.6214068979012493,-9.480014017372998
2001-12-28,-6.638912291842938,-107.5193434848565,0.7679318997554571,-9.94917145198107
2001-12-29,-5.712079583797933,-106.88544010941742,0.22350327121866265,-8.758000743933929
2001-12-30,-6.193060580592031,-106.68029532557338,0.8849941162652573,-7.26058699126894
2001-12-31,-7.4139339562211175,-106.76610024826819,2.458879488384737,-7.413781499555428
2002-01-01,-7.378595592343772,-106.52272596404244,2.2192200479153827,-8.387333140623456
2002-01-02,-7.190380959912334,-106.07942854115474,2.6088924955915656,-8.67838662258946
2002-01-03,-7.741984017343245,-105.82374282361972,3.703112709397005,-8.91654303589107
2002-01-04,-8.416846065499998,-104.7661953502076,2.521758388789176,-9.545453643603768
2002-01-05,-8.888568601966416,-105.85342869204096,3.0371190104797092,-8.046501055542471
2002-01-06,-7.912095872696529,-105.05240544405378,3.178527269723598,-7.8741441352073505
2002-01-07,-6.86308365206228,-104.95780807118459,5.9298827790663395,-8.520555721593091
2002-01-08,-7.733446993465623,-105.1818504306793,6.66676373193255,-7.782075812358724
2002-01-09,-6.762995331535772,-105.66558812033487,5.856418517886308,-7.8554279619768845
2002-01-10,-7.395855093255485,-105.09720578791662,5.890377555440548,-6.167356054291906
2002-01-11,-8.727277252286731,-104.2657664602302,7.050480967813818,-4.764867253576246
2002-01-12,-10.275559855332707,-105.27993351961692,5.952853254503867,-3.916179482224995
2002-01-13,-9.38417303516854,-105.94168218004206,6.598736922635539,-6.762901874080395
2002-01-14,-8.794539009319891,-107.27563189513806,7.442824730085639,-7.480040411207697
2002-01-15,-8.17422822567557,-109.18754372301917,6.3897193741483775,-6.433517868127183
2002-01-16,-8.247735390104737,-108.85631984214828,6.476142485218632,-5.791729952537989
2002-01-17,-9.808300245868415,-110.12379251454696,6.34778006241422,-5.3051935440906295
2002-01-18,-9.445155360134997,-108.53580369672872,7.297467036156677,-5.325662572707527
2002-01-19,-9.611559648355037,-108.61425905841897,7.667869293771366,-5.269512280491815
2002-01-20,-9.479653636890268,-107.7865815091113,9.274018052163548,-5.268706929582185
2002-01-21,-11.579070421745625,-108.91539277992743,8.27676570422102,-6.711388936310255
2002-01-22,-11.420271075673488,-108.83618012071967,7.836360141664706,-6.345648182980917
2002-01-23,-12.188142072265403,-109.24988287932632,7.248632517478683,-5.045726933750077
2002-01-24,-11.525003995279762,-109.41445605987963,7.057171993929055,-6.800939977498344
2002-01-25,-11.246338472145489,-108.63115515471345,6.748789248463594,-7.240077091791039
2002-01-26,-11.861295847923646,-109.63589172387329,7.547723935434071,-7.538911948659958
2002-01-27,-11.163129711884377,-109.60647465094361,5.921366244907382,-9.607383733554215
2002-01-28,-11.53030065016293,-110.44015040969154,5.762964470893641,-9.615042654673346
2002-01-29,-8.448617107153051,-110.55523840464383,5.011460098268051,-9.392658988539832
2002-01-30,-8.390636435825838,-109.81908455978336,3.868352269913799,-6.630228454774405
2002-01-31,-7.733194998333119,-109.58271333862945,4.439118563832158,-7.046727886726238
2002-02-01,-8.50068498974903,-109.16825014601973,5.309083745010835,-7.41716162120284
2002-02-02,-9.126689052060275,-109.95819164008356,5.386025574886043,-8.762530115801493
2002-02-03,-9.983167020689377,-109.77461948398887,4.527023559104012,-9.013425341792141
2002-02-04,-10.038601726877229,-108.5187265906184,4.242846811840174,-8.11832720857681
2002-02-05,-10.289573633622116,-109.12225621641431,2.522170419766895,-8.195009112614702
2002-02-06,-11.778007912886194,-108.31715212400886,3.9373871962502855,-7.072062504885021
2002-02-07,-12.500701219124895,-109.21686088061064,4.713191276015815,-8.494423236376093
2002-02-08,-11.394509913559276,-109.81811016034074,3.1892124836226925,-7.959651202508258
2002-02-09,-13.593316511489018,-110.0476779818037,2.6550034159015095,-8.002956197918163
2002-02-10,-13.250039931023467,-111.43073073576531,3.0927923390457295,-7.285466558699305
2002-02-11,-13.702143183020663,-111.73874502196966,2.6040090077669227,-7.324261409637581
2002-02-12,-14.017424294517301,-111.45185879098877,3.398973637495038,-7.330763984693567
2002-02-13,-11.82694070905178,-110.91636375403337,2.9383779725683574,-7.3880275515857665
2002-02-14,-12.370846649158123,-111.47212631746707,1.406495634380767,-8.252607172298104
2002-02-15,-11.9876148488001,-110.42424666723502,1.2896294237145791,-7.239103962644473
2002-02-16,-12.49132078928887,-110.70791378543828,0.1870803899595168,-7.160786400771751
2002-02-17,-13.245893863126366,-110.1820952230171,-0.8861039898192791,-7.116563686676464
2002-02-18,-13.632953456629611,-109.434087599319,0.9557404507335128,-7.459424635792516
2002-02-19,-13.581964588521428,-109.46771838208242,1.3176466546194,-6.838644805383298
2002-02-20,-14.255218068834587,-110.77850457538116,1.185940522689909,-9.361226958469576
2002-02-21,-14.89237304639563,-111.40111193234702,-0.11313212437242814,-9.016538055419542
2002-02-22,-15.091310381212809,-112.6039981781471,0.32891948897541523,-8.396039938245025
2002-02-23,-16.4726490210952,-113.08317134045423,-0.08892697069453565,-8.379199074713185
2002-02-24,-15.993305212570824,-114.094539389803,1.1288133274216243,-8.895742252362565
2002-02-25,-15.850704064750294,-114.33437432978343,0.77328709272174,-10.280061846421077
2002-02-26,-16.14993018005746,-113.78950502106156,-0.14975386895729936,-9.183194269406604
2002-02-27,-17.534823904329198,-114.92183543827962,-0.7941425063932396,-9.425184040304535
2002-02-28,-17.569131572594806,-115.18662963378468,-0.4839496467603003,-6.902834510967354
2002-03-01,-17.155061142686005,-115.02086231684032,-1.0658419407555584,-6.875861238350861
2002-03-02,-17.242174664162167,-113.93944629566657,-1.5104621203322655,-8.171892492648412
2002-03-03,-17.09017055775845,-113.29235585442129,-1.0650167787063232,-7.708633376468986
2002-03-04,-17.359352941450823,-111.405867688776,-1.8664989366485503,-7.817442717404312
2002-03-05,-17.939590498796168,-109.40053118238693,-3.4142060112639876,-7.6557286870886765
2002-03-06,-17.061647624381727,-108.45943749523194,-1.372606965191082,-7.109843361025294
2002-03-07,-18.882130984583092,-108.6058188258439,0.16699866883910874,-5.94494092058245
2002-03-08,-18.46607614659222,-109.9159029839422,0.7965277508558981,-6.703161095253276
2002-03-09,-18.994190964445597,-109.02836112991156,1.2053249371447625,-6.789320834869134
2002-03-10,-19.558191361325598,-109.47451694975608,1.1336262742367427,-6.413124928552124
2002-03-11,-18.64386789758458,-110.15147312987068,2.051911049372264,-6.369808639407544
2002-03-12,-18.647598836279823,-109.51797878024055,1.200597823701804,-5.590199832120202
2002-03-13,-16.228745485244033,-108.7723565489673,1.007327078347109,-6.21156346383004
2002-03-14,-15.617824795071545,-108.5805116572701,0.9819605052285331,-5.708157928037311
2002-03-15,-16.406699936866517,-108.32829053734547,1.0421864194078598,-5.36292223429364
2002-03-16,-15.084402249552676,-108.06884781655162,2.3866635275930372,-4.886040221267581
2002-03-17,-15.709952915439885,-108.06248331835887,3.620063352174789,-3.9355043066336415
2002-03-18,-16.07599121488162,-106.44715714656341,3.4780333875633636,-3.5861929908095656
2002-03-19,-16.628474242253432,-106.71210495153736,3.6472476304124166,-2.7404608109607493
2002-03-20,-16.494887090095958,-105.44184890076025,4.001031328585415,-2.724481274383557
2002-03-21,-15.575396129571942,-107.15646941057,4.044111612257591,-3.4002656639094426
2002-03-22,-15.79736768613256,-107.99345262150433,6.5762594019717895,-3.288870004894881
2002-03-23,-15.548060466756686,-107.8670032142521,5.76969456675571,-3.683378848496685
2002-03-24,-14.304154869308348,-108.75580293762222,5.9607806135263735,-2.8324614851345804
2002-03-25,-16.13396666396141,-107.13556626334797,4.9884917299137,-3.2143308638600874
2002-03-26,-16.91863452606207,-107.09807469596032,4.34227858581442,-4.658255192373563
2002-03-27,-16.309369434209113,-108.66707356180653,3.8685087068270545,-5.444329725506863
2002-03-28,-14.680633238572444,-110.11677173408825,2.667533238104227,-5.821956270369686
2002-03-29,-14.267037041549004,-111.07018608118342,4.5405296312935475,-4.012718551426314
2002-03-30,-12.133047371616684,-110.99693611851843,4.966564802880759,-4.781162395391099
2002-03-31,-11.379765451927941,-110.74709665088501,5.676837452574777,-5.247465723436699
2002-04-01,-10.54761909529405,-111.99650547373686,5.684733595700254,-5.4332988642486315
2002-04-02,-10.9520718218429,-110.44037878006152,5.448966689485285,-6.793512984609624
2002-04-03,-11.782922212518782,-108.91417939643101,4.257754216280592,-6.4872357294747705
2002-04-04,-12.475128878000863,-110.36343955780123,3.9501439346152165,-5.709373387647657
2002-04-05,-12.994023468242018,-109.90515081137143,2.0438243863224286,-5.001285634239683
2002-04-06,-12.414934855130596,-109.81657995664732,1.7867280891426922,-3.0857892371793865
2002-04-07,-11.143085452291189,-109.77803777199271,4.123197611279943,-2.4649517902185027
2002-04-08,-11.222106736045653,-108.50336785258513,2.5065499439225074,-3.6344897200076884
2002-04-09,-10.790034155103976,-110.59387508067887,2.851957142880092,-3.701173400658435
2002-04-10,-12.928522150090627,-110.44367710058516,3.8059866567616463,-3.735125861754737
2002-04-11,-13.283926287456037,-112.2182866812336,6.403385751594733,-2.2228368771980165
2002-04-12,-12.985751953515377,-112.47202869460028,5.524008455256486,-1.025772080751826
2002-04-13,-12.150747990625085,-112.55492155483915,7.61776732014963,-1.5778942158129023
2002-04-14,-12.187584051436119,-112.89321467816232,8.161329381199433,-1.2742482913894482
2002-04-15,-13.438155451003025,-111.53313908259844,8.355192235843425,-1.3205127756421269
2002-04-16,-13.338506754617447,-110.86884274573838,6.996442430167892,-3.4740563683516497
2002-04-17,-14.100250819223552,-110.68351528843864,8.236133068417242,-3.29384118974249
2002-04-18,-11.816046034993235,-109.36302094127625,8.581420444970382,-3.304984698394374
2002-04-19,-9.926188492355895,-109.58410591216241,9.132866708461007,-1.1543720595095026
2002-04-20,-8.066286566283877,-111.03769172696668,9.837022848486184,0.20848065959276618
2002-04-21,-7.425253807273958,-111.71184639181263,9.695686404596566,2.6496262289625063
2002-04-22,-8.16972298601938,-111.1515559394494,8.621512225094396,2.710120139260824
2002-04-23,-8.415845517044097,-111.72305063366035,7.850242987683534,2.7871127338867225
2002-04-24,-8.510994039206624,-110.25121988363317,8.870553885646476,4.7378434944792
2002-04-25,-8.363533283879839,-108.8759251022374,10.032842991136864,4.161758338180799
2002-04-26,-7.504303242772498,-110.77280975465465,11.343485836621902,3.7306032457025227
2002-04-27,-7.236441206407632,-110.22547431231682,10.637160599467194,5.198165252462507
2002-04-28,-7.030711549256825,-110.8628310629401,10.55081671982756,5.003856998556285
2002-04-29,-5.488195954191292,-111.2261905363109,10.522113697956001,4.451819562960343
2002-04-30,-4.450379234930978,-112.3496151831839,10.679795635808448,4.911288600448169
2002-05-01,-4.383995619378507,-114.24722850344878,9.901341013503316,4.1331466377542085
2002-05-02,-3.2236708244681904,-113.74229270220425,9.398651456418785,5.723417825238418
2002-05-03,-2.472904352954573,-113.98897646854681,7.737285131446401,5.708571691019559
2002-05-04,-0.674061361979448,-113.66994846138444,8.357130163416606,7.0633499983330905
2002-05-05,-0.7420690584661421,-110.97313943127028,8.693052745249865,7.957468110823625
2002-05-06,-1.9570566571500376,-110.89840409060163,8.087975233708823,8.6917681316836
2002-05-07,-2.6357755070945132,-111.70884793644089,7.65390379054849,9.412003525953248
2002-05-08,-4.348571759830647,-113.53353225587519,7.0207228991890815,8.838022707194428
2002-05-09,-4.39749672013748,-114.0314485774309,7.10738629800878,8.29899389796538
2002-05-10,-5.084521213785186,-114.97026648232743,7.323063678708366,10.81388361734208
2002-05-11,-4.903932855494234,-116.27595195467711,6.9430086116454,10.840754873916694
2002-05-12,-5.428618760866648,-117.00794615795422,6.230230688742921,11.81343250617132
2002-05-13,-6.2865980419582135,-115.12927440173725,5.893287122213121,11.903762613623313
2002-05-14,-5.227098860751081,-116.19822225921871,5.200099247707241,13.372047067424397
2002-05-15,-6.5351607731481955,-117.4008410634378,6.051482247204777,14.533964394573053
2002-05-16,-6.0489389881890965,-116.3182753580039,7.712418755853241,13.505368619538565
2002-05-17,-5.576107494048811,-117.72392114322207,8.705506419443331,13.616352850817021
2002-05-18,-6.61459290780709,-118.81773861083775,8.886927007323767,15.44000936147451
2002-05-19,-8.049404983791083,-118.31630843518553,7.331925048654524,15.418657472792223
2002-05-20,-6.419430171887967,-117.65746921531965,7.452154961487266,16.818325302640677
2002-05-21,-6.7332005454609725,-116.33143116156795,9.770236985855917,17.939609651790082
2002-05-22,-5.265500277359603,-115.54254557785214,9.400834125233175,17.140497175655472
2002-05-23,-5.325021972057447,-115.90517326155594,8.720178134659298,17.973044646078456
2002-05-24,-5.977649156255456,-117.18800186185534,7.837056074952917,18.753626044526044
2002-05-25,-7.7663412215362975,-116.50172771493669,7.24227891583075,18.750485754207197
2002-05-26,-6.769996467917013,-115.18974167833449,7.449041167174034,18.477403914692704
2002-05-27,-7.455627754898051,-113.91434217476751,8.030103595111905,19.44034068447091
2002-05-28,-5.441752681826271,-113.04709420228957,8.02113125977377,18.994563760579208
2002-05-29,-5.744680807202479,-114.13242218313667,6.826800081607968,20.31523783400144
2002-05-30,-5.244016723853282,-113.46551590242649,5.515977660301428,21.496748606081532
2002-05-31,-3.372734917303248,-112.07921335272135,5.606529283532211,22.31447474672367
2002-06-01,-2.5217369646568475,-112.28543765688407,4.685785540921168,22.300723980339793
2002-06-02,-0.29367244448317864,-112.17188013613256,3.8688641522636953,23.039765899720404
2002-06-03,1.5512357246597448,-112.5523928400924,2.9905194260900845,22.159879906314348
2002-06-04,2.3437412947241496,-112.46892569179562,2.785195016890949,21.133964156286925
2002-06-05,2.149219238862504,-112.94455039426026,2.7449365238387187,21.060307472997113
2002-06-06,3.1414383901859564,-113.84794470402876,3.4616355813425255,20.675000451911547
2002-06-07,2.3396192377648832,-113.94911361495,3.0714958217597292,20.791726514718608
2002-06-08,1.5497511353284183,-112.44452816448253,2.8836171624912033,21.110938357888962
2002-06-09,2.54543570916475,-112.92541154547625,1.7441266174231336,20.6527743384334
2002-06-10,3.5439784737161752,-111.91863307997014,-0.13127099547128274,21.468166629118965
2002-06-11,1.6470730531642435,-112.97516521556047,-1.1227457397705456,20.224314329255606
2002-06-12,0.7468648453242279,-111.99387019830164,-2.283669393153388,20.033394506350614
2002-06-13,1.3957266417806933,-113.66895575751687,-2.030045647643189,20.692223125397902
2002-06-14,1.3832474549910134,-113.22020811777472,-2.2101136034430904,20.01979691780281
2002-06-15,2.938843921132536,-113.95328513205382,-1.3884914510964137,20.834419403904914
2002-06-16,1.862006397702864,-113.85040934737887,-1.0742669992156364,21.297133182648096
2002-06-17,2.538439737121376,-113.0959231824745,-0.6565897818402617,20.395052221003155
2002-06-18,2.4709251253532125,-114.36854705693763,-0.7046431242448208,19.791327003969897
2002-06-19,2.2637813358228893,-113.62101674879229,0.9137176756026679,18.566199822866903
2002-06-20,3.49658755556326,-114.72118239125952,1.1751589595228091,18.147354569891057
2002-06-21,3.2194552885925365,-114.67355984317457,1.8612286295875426,18.392857899174427
2002-06-22,1.8593940068747337,-115.03734020956163,2.1383356689769295,17.738866847979008
2002-06-23,1.4903258017177112,-113.11053225610827,2.3283689406783776,16.187746484052504
2002-06-24,2.2750089174480186,-112.67648111012826,2.476615211333382,15.821060880757695
2002-06-25,2.3425530533989716,-112.29513139639737,1.9657246267937962,16.010750208809906
2002-06-26,1.6982035968283462,-110.23427201190661,2.591371883376041,17.37441881787569
2002-06-27,1.5028922363703445,-112.36706029013513,1.6671580195657683,17.065571436143497
2002-06-28,0.736039017251226,-114.03629730533213,2.235224407059655,17.56371422631161
2002-06-29,0.3359221582699525,-114.7889063187537,3.062636576680328,16.430778696952263
2002-06-30,1.457255026266477,-116.1216766595818,2.553889702887607,15.05518256214926
2002-07-01,0.9945940277816079,-116.7060111032781,3.4498131191684136,14.710401041030643
2002-07-02,3.69627898914567,-116.25122979620345,3.0842101175455867,14.13029611705656
2002-07-03,2.8862857488291036,-116.28174309897472,4.788010620563302,14.869458183670504
2002-07-04,2.6394871608034265,-114.49891360657064,5.486720667716154,15.327701616182773
2002-07-05,3.423571219959355,-115.69368400727325,6.635330679597136,14.756634191807738
2002-07-06,4.199854823777409,-115.76122632695692,6.928298710162371,15.044510772735446
2002-07-07,4.151768695132055,-115.58793823704451,6.811692116577236,14.22816559795771
2002-07-08,4.223463587807485,-115.29422182529589,5.640196576101907,15.601232377856169
2002-07-09,4.7834126995980935,-114.64354691646317,5.253420080645599,15.298330001967244
2002-07-10,5.506609223396149,-115.77546130587551,5.233352981054845,14.558159357007561
2002-07-11,4.154575516761036,-115.8697162445574,5.204171609799083,13.55143478880361
2002-07-12,2.0369031269218136,-114.45368528482685,4.285110474796463,14.710019637032588
2002-07-13,1.6891854262810733,-114.68932978326752,5.069495804352209,15.75443794290613
2002-07-14,1.3395933135601286,-114.36799368348343,4.8248521406236975,16.15859208657338
2002-07-15,2.720580753892156,-114.25126071281373,4.42252569506765,16.68803850439131
2002-07-16,2.7280618350735213,-113.32976246587323,4.600079329425864,18.694087614921703
2002-07-17,4.711876098806097,-112.26593636539218,4.656271745666003,18.23824829035186
2002-07-18,6.21765873894909,-112.33390496253007,4.824559723985527,16.658132933429073
2002-07-19,6.158844520895716,-111.61005388453306,4.677814843434817,15.711182274195561
2002-07-20,6.186187607554008,-110.52895910400127,4.234160892269169,14.886173614762752
2002-07-21,8.257587080785697,-110.17801272966476,3.8655119514151837,13.940705292793591
2002-07-22,8.42884089722272,-110.29045715785064,4.178953641018929,14.938771233406975
2002-07-23,6.329344355231248,-109.3786478929907,3.920448997971789,16.223877075415007
2002-07-24,5.676384846729072,-108.65861122429776,5.201893387172234,15.381432729100814
2002-07-25,6.922026536164591,-108.04452977184778,5.4881165157999225,14.826951599342511
2002-07-26,6.594190267254702,-106.10048300638853,6.176281854470873,13.844666303679723
2002-07-27,7.735751139062977,-106.51996022513626,5.504706846034707,14.45046712163811
2002-07-28,8.073712093678513,-107.24967812008829,5.311310329074483,14.831146009123138
2002-07-29,7.964805160466699,-107.20393321088552,5.9805952590555895,13.80693491655186
2002-07-30,8.400635405678319,-109.33131004391649,5.151498468223131,13.773650920274433
2002-07-31,8.531622148843159,-109.8205949322706,5.031027918565667,13.895589485106656
2002-08-01,7.0854095720403505,-110.02123820685915,5.853036321680991,14.131565221310263
2002-08-02,6.029991078174095,-107.58237875485275,5.175492923315452,12.587747291244368
2002-08-03,5.439437325337854,-107.36134914468423,6.878207185635966,10.812902938594661
2002-08-04,5.471584419777162,-107.42619507508351,5.208202072041214,11.088055482277822
2002-08-05,5.410220326820125,-106.45275407323973,5.952171971096037,9.853118475157228
2002-08-06,3.505116384137618,-105.47316335897958,5.104895647592716,9.203764897441959
2002-08-07,4.026460666233943,-106.88587053166837,6.281872600137097,9.203255254912563
2002-08-08,3.968449767600854,-106.56394067832234,5.700737215825432,7.44899189491999
2002-08-09,3.517520759835566,-107.68942035134319,5.42890279241866,8.88920195430427
2002-08-10,1.2017279587677248,-108.37208423980601,6.161593923339821,8.338283259477487
2002-08-11,2.2033073205284235,-108.10505802703643,6.281098797683907,11.25961097352727
2002-08-12,2.9028041469642907,-108.39559240312136,5.440126544358751,11.854663687075169
2002-08-13,1.6089595104658148,-107.27663952892232,4.891681563587631,10.466280362423442
2002-08-14,3.533583938118057,-107.75949194222562,6.280772951294117,12.152302027640149
2002-08-15,4.094286412123136,-107.75897176490334,6.30167177224299,11.433477844243033
2002-08-16,3.5455175268695003,-106.33681612506454,6.20405108534072,12.016215254912606
2002-08-17,2.882939496676185,-106.36097802437003,6.926590562235937,12.702114519564837
2002-08-18,2.467951705318213,-105.81281311000606,7.629273583523977,13.015732012341525
2002-08-19,2.0747829282447436,-107.82996013125985,6.404176819419314,12.860194447313301
2002-08-20,2.874956260173012,-104.42479881753776,6.962167437857427,12.690500082334546
2002-08-21,3.1342511600508076,-105.35244148174964,6.577581664689317,13.23708203349978
2002-08-22,3.1716822318132527,-105.20721508033452,8.819154979787083,12.958627730487443
2002-08-23,4.320029344206653,-105.12428250381005,8.228621964731614,13.58259727349522
2002-08-24,5.782865078006311,-103.79146885264652,8.784676620410197,14.5338381327967
2002-08-25,6.230417156218142,-103.12681662635623,7.61031767001293,13.738945949331159
2002-08-26,6.121037768276196,-102.31215154070252,6.874558379253939,15.02698363552731
2002-08-27,5.015373270909971,-102.65992779453985,6.380323720654445,14.780432749079573
2002-08-28,6.338597980052038,-102.98976787302607,6.270118475243094,14.233161722014888
2002-08-29,5.764133672606375,-102.80130371627472,5.507052342704509,13.700192173906997
2002-08-30,6.534686965375156,-104.91778077451829,3.787096649267868,11.989317935976649
2002-08-31,7.034642708403493,-105.39200307351982,4.0968931654780985,12.67617212299903
2002-09-01,7.271439681743281,-106.36387755980482,3.6789789162278543,12.650685800670972
2002-09-02,7.346728071683536,-106.82787450024814,4.288933966362545,12.70834144141444
2002-09-03,8.626923428916115,-108.9421790861172,3.6274849536488523,11.46143072070944
2002-09-04,8.361795410669224,-107.79818050967133,4.599695478547285,10.527127901378414
2002-09-05,7.128255847836775,-107.58865798964311,5.34476444200698,9.773592650652773
2002-09-06,7.340736604302479,-107.87743204501841,4.724208552880905,10.128670163044358
2002-09-07,7.034192037496615,-108.14920356917057,4.932526343735145,9.463272854950828
2002-09-08,6.5754262380697535,-108.78952905798128,6.521474105736046,10.128300616527156
2002-09-09,6.822190918681842,-108.44321803380122,6.344632342342669,9.47814472464725
2002-09-10,7.072468581849177,-107.76881380343102,7.0426370793467274,8.573232886264215
2002-09-11,6.771897358144378,-108.33975142561117,6.491893079860718,8.064670836103325
2002-09-12,7.3733472896522025,-106.93395280130214,6.2341329447650455,8.773630078202048
2002-09-13,8.00395913422599,-106.75941743880355,5.1257071586917,8.73918138158034
2002-09-14,9.331100621974421,-107.0676636104096,4.291853031015522,8.461556036044191
2002-09-15,8.3434339835191,-109.55623991574461,4.4749655807687745,8.561022658362639
2002-09-16,7.103601292174035,-108.63080133462371,3.667283988777937,8.183838241928399
2002-09-17,5.147516207386763,-107.72994615027808,3.2736350481880048,7.0730964409454185
2002-09-18,6.023110238505067,-110.02971397788444,3.428698199373458,6.7908796102010935
2002-09-19,6.327383993713024,-107.53834770243758,5.468271104265749,6.769885854100771
2002-09-20,7.064126729692638,-108.74322605485975,4.660956017554623,5.1669824596396055
2002-09-21,6.362990740812985,-109.1067087661069,3.4291055064485496,5.122189805824265
2002-09-22,4.720444666464914,-109.16206972195054,2.6915221055354435,4.942370311163872
2002-09-23,5.99853600289814,-109.07661376614578,2.236239186405004,5.404334884506764
2002-09-24,4.405608705443498,-109.48514070053501,1.5972785367272242,6.48011449239248
2002-09-25,5.439712525791926,-109.49004100345778,1.854997015780762,6.185253820781962
2002-09-26,4.0113520900394795,-111.55414970597606,2.345788400767465,4.995128844592611
